operation_type|scheduled_start_time|actual_start_time|execution_duration_MILLISECONDS|result_code|original_start_time
LdbcSnbBiQuery1PostingSummary|1515865691402|1515865691402|2128|12|1
LdbcSnbBiQuery24MessagesByTopic|1515865691402|1515865693530|1130|100|1
LdbcSnbBiQuery2TopTags|1515865691402|1515865694661|239|0|1
LdbcSnbBiQuery4PopularCountryTopics|1515865691402|1515865694900|199|11|1
LdbcSnbBiQuery8RelatedTopics|1515865691402|1515865695100|190|100|1
LdbcSnbBiQuery17FriendshipTriangles|1515865691402|1515865695290|1193|1|1
LdbcSnbBiQuery18PersonPostCounts|1515865691402|1515865696484|786|53|1
LdbcSnbBiQuery9RelatedForums|1515865691402|1515865697270|438|2|1
LdbcSnbBiQuery20HighLevelTopics|1515865691402|1515865697709|426|3|1
LdbcSnbBiQuery21Zombies|1515865691402|1515865698136|182|5|1
LdbcSnbBiQuery5TopCountryPosters|1515865691402|1515865698318|3701|100|1
LdbcSnbBiQuery10TagPerson|1515865691402|1515865702020|12165|100|1
LdbcSnbBiQuery22InternationalDialog|1515865691402|1515865714186|7795|27|1
LdbcSnbBiQuery23HolidayDestinations|1515865691402|1515865721981|69|91|1
LdbcSnbBiQuery11UnrelatedReplies|1515865691402|1515865722050|615|100|1
LdbcSnbBiQuery3TagEvolution|1515865691402|1515865722666|1939|100|1
LdbcSnbBiQuery6ActivePosters|1515865691402|1515865724606|91|100|1
LdbcSnbBiQuery12TrendingPosts|1515865691402|1515865724697|826|0|1
LdbcSnbBiQuery13PopularMonthlyTags|1515865691402|1515865725524|126|31|1
LdbcSnbBiQuery7AuthoritativeUsers|1515865691402|1515865725651|10435|100|1
LdbcSnbBiQuery14TopThreadInitiators|1515865691402|1515865736087|562|100|1
LdbcSnbBiQuery15SocialNormals|1515865691402|1515865736649|154|1|1
LdbcSnbBiQuery14TopThreadInitiators|1515865691402|1515865736804|514|100|2
LdbcSnbBiQuery15SocialNormals|1515865691402|1515865737319|177|0|2
LdbcSnbBiQuery22InternationalDialog|1515865691402|1515865737496|6177|27|2
LdbcSnbBiQuery18PersonPostCounts|1515865691402|1515865743673|1012|133|2
LdbcSnbBiQuery2TopTags|1515865691402|1515865744686|88|0|2
LdbcSnbBiQuery1PostingSummary|1515865691402|1515865744775|1839|12|2
LdbcSnbBiQuery24MessagesByTopic|1515865691402|1515865746615|940|100|2
LdbcSnbBiQuery17FriendshipTriangles|1515865691402|1515865747556|876|1|2
LdbcSnbBiQuery4PopularCountryTopics|1515865691402|1515865748432|80|8|2
LdbcSnbBiQuery8RelatedTopics|1515865691402|1515865748512|115|100|2
LdbcSnbBiQuery10TagPerson|1515865691402|1515865748629|12717|100|2
LdbcSnbBiQuery21Zombies|1515865691402|1515865761346|133|1|2
LdbcSnbBiQuery9RelatedForums|1515865691402|1515865761479|352|2|2
LdbcSnbBiQuery20HighLevelTopics|1515865691402|1515865761832|1169|6|2
LdbcSnbBiQuery5TopCountryPosters|1515865691402|1515865763001|3598|100|2
LdbcSnbBiQuery7AuthoritativeUsers|1515865691402|1515865766600|982|100|2
LdbcSnbBiQuery3TagEvolution|1515865691402|1515865767582|1958|100|2
LdbcSnbBiQuery23HolidayDestinations|1515865691402|1515865769541|58|100|2
LdbcSnbBiQuery11UnrelatedReplies|1515865691402|1515865769599|416|100|2
LdbcSnbBiQuery13PopularMonthlyTags|1515865691402|1515865770016|119|31|2
LdbcSnbBiQuery6ActivePosters|1515865691402|1515865770136|95|100|2
LdbcSnbBiQuery12TrendingPosts|1515865691402|1515865770232|884|0|2
LdbcSnbBiQuery6ActivePosters|1515865691402|1515865771117|71|100|3
LdbcSnbBiQuery12TrendingPosts|1515865691402|1515865771188|842|0|3
LdbcSnbBiQuery9RelatedForums|1515865691402|1515865772031|320|2|3
LdbcSnbBiQuery24MessagesByTopic|1515865691402|1515865772351|963|100|3
LdbcSnbBiQuery22InternationalDialog|1515865691402|1515865773315|9540|27|3
LdbcSnbBiQuery14TopThreadInitiators|1515865691402|1515865782856|445|100|3
LdbcSnbBiQuery15SocialNormals|1515865691402|1515865783302|25|0|3
LdbcSnbBiQuery1PostingSummary|1515865691402|1515865783327|1816|12|3
LdbcSnbBiQuery18PersonPostCounts|1515865691402|1515865785144|1065|133|3
LdbcSnbBiQuery2TopTags|1515865691402|1515865786209|120|0|3
LdbcSnbBiQuery21Zombies|1515865691402|1515865786330|95|2|3
LdbcSnbBiQuery8RelatedTopics|1515865691402|1515865786425|82|100|3
LdbcSnbBiQuery17FriendshipTriangles|1515865691402|1515865786508|21|1|3
LdbcSnbBiQuery4PopularCountryTopics|1515865691402|1515865786530|91|16|3
LdbcSnbBiQuery10TagPerson|1515865691402|1515865786621|12412|100|3
LdbcSnbBiQuery13PopularMonthlyTags|1515865691402|1515865799033|116|31|3
LdbcSnbBiQuery7AuthoritativeUsers|1515865691402|1515865799150|13879|100|3
LdbcSnbBiQuery20HighLevelTopics|1515865691402|1515865813030|327|3|3
LdbcSnbBiQuery5TopCountryPosters|1515865691402|1515865813358|4916|100|3
LdbcSnbBiQuery11UnrelatedReplies|1515865691402|1515865818274|446|100|3
LdbcSnbBiQuery3TagEvolution|1515865691402|1515865818721|1920|100|3
LdbcSnbBiQuery23HolidayDestinations|1515865691402|1515865820641|33|100|3
LdbcSnbBiQuery3TagEvolution|1515865691402|1515865820674|1846|100|4
LdbcSnbBiQuery23HolidayDestinations|1515865691402|1515865822521|32|100|4
LdbcSnbBiQuery17FriendshipTriangles|1515865691402|1515865822554|25|1|4
LdbcSnbBiQuery15SocialNormals|1515865691402|1515865822579|21|1|4
LdbcSnbBiQuery9RelatedForums|1515865691402|1515865822601|351|2|4
LdbcSnbBiQuery6ActivePosters|1515865691402|1515865822952|68|100|4
LdbcSnbBiQuery12TrendingPosts|1515865691402|1515865823021|893|0|4
LdbcSnbBiQuery14TopThreadInitiators|1515865691402|1515865823915|445|100|4
LdbcSnbBiQuery24MessagesByTopic|1515865691402|1515865824360|965|100|4
LdbcSnbBiQuery22InternationalDialog|1515865691402|1515865825325|7285|27|4
LdbcSnbBiQuery8RelatedTopics|1515865691402|1515865832611|53|100|4
LdbcSnbBiQuery2TopTags|1515865691402|1515865832664|53|0|4
LdbcSnbBiQuery1PostingSummary|1515865691402|1515865832718|1901|12|4
LdbcSnbBiQuery18PersonPostCounts|1515865691402|1515865834620|1339|161|4
LdbcSnbBiQuery21Zombies|1515865691402|1515865835960|79|2|4
LdbcSnbBiQuery11UnrelatedReplies|1515865691402|1515865836040|430|100|4
LdbcSnbBiQuery13PopularMonthlyTags|1515865691402|1515865836470|145|32|4
LdbcSnbBiQuery4PopularCountryTopics|1515865691402|1515865836617|25|10|4
LdbcSnbBiQuery10TagPerson|1515865691402|1515865836642|11572|100|4
LdbcSnbBiQuery5TopCountryPosters|1515865691402|1515865848215|3451|100|4
LdbcSnbBiQuery7AuthoritativeUsers|1515865691402|1515865851666|8565|100|4
LdbcSnbBiQuery20HighLevelTopics|1515865691402|1515865860231|383|3|4
LdbcSnbBiQuery7AuthoritativeUsers|1515865691402|1515865860615|4618|100|5
LdbcSnbBiQuery20HighLevelTopics|1515865691402|1515865865233|1271|6|5
LdbcSnbBiQuery1PostingSummary|1515865691402|1515865866505|1949|12|5
LdbcSnbBiQuery12TrendingPosts|1515865691402|1515865868454|901|0|5
LdbcSnbBiQuery17FriendshipTriangles|1515865691402|1515865869356|19|1|5
LdbcSnbBiQuery3TagEvolution|1515865691402|1515865869376|1917|100|5
LdbcSnbBiQuery23HolidayDestinations|1515865691402|1515865871294|40|100|5
LdbcSnbBiQuery6ActivePosters|1515865691402|1515865871335|43|80|5
LdbcSnbBiQuery15SocialNormals|1515865691402|1515865871379|28|0|5
LdbcSnbBiQuery9RelatedForums|1515865691402|1515865871408|355|1|5
LdbcSnbBiQuery2TopTags|1515865691402|1515865871763|95|0|5
LdbcSnbBiQuery22InternationalDialog|1515865691402|1515865871859|2554|27|5
LdbcSnbBiQuery14TopThreadInitiators|1515865691402|1515865874413|495|100|5
LdbcSnbBiQuery24MessagesByTopic|1515865691402|1515865874909|765|100|5
LdbcSnbBiQuery8RelatedTopics|1515865691402|1515865875674|50|100|5
LdbcSnbBiQuery5TopCountryPosters|1515865691402|1515865875725|5761|100|5
LdbcSnbBiQuery11UnrelatedReplies|1515865691402|1515865881487|328|100|5
LdbcSnbBiQuery18PersonPostCounts|1515865691402|1515865881816|1212|161|5
LdbcSnbBiQuery21Zombies|1515865691402|1515865883029|71|3|5
LdbcSnbBiQuery10TagPerson|1515865691402|1515865883100|11960|100|5
LdbcSnbBiQuery13PopularMonthlyTags|1515865691402|1515865895061|102|30|5
LdbcSnbBiQuery4PopularCountryTopics|1515865691402|1515865895164|25|12|5
LdbcSnbBiQuery13PopularMonthlyTags|1515865691402|1515865895189|106|31|6
LdbcSnbBiQuery4PopularCountryTopics|1515865691402|1515865895296|19|11|6
LdbcSnbBiQuery14TopThreadInitiators|1515865691402|1515865895316|439|100|6
LdbcSnbBiQuery23HolidayDestinations|1515865691402|1515865895755|56|100|6
LdbcSnbBiQuery1PostingSummary|1515865691402|1515865895812|1846|12|6
LdbcSnbBiQuery7AuthoritativeUsers|1515865691402|1515865897658|11931|100|6
LdbcSnbBiQuery20HighLevelTopics|1515865691402|1515865909590|282|3|6
LdbcSnbBiQuery3TagEvolution|1515865691402|1515865909873|1884|100|6
LdbcSnbBiQuery12TrendingPosts|1515865691402|1515865911757|799|0|6
LdbcSnbBiQuery17FriendshipTriangles|1515865691402|1515865912557|734|1|6
LdbcSnbBiQuery22InternationalDialog|1515865691402|1515865913291|2427|27|6
LdbcSnbBiQuery9RelatedForums|1515865691402|1515865915719|278|2|6
LdbcSnbBiQuery6ActivePosters|1515865691402|1515865915997|61|100|6
LdbcSnbBiQuery15SocialNormals|1515865691402|1515865916059|145|2|6
LdbcSnbBiQuery2TopTags|1515865691402|1515865916205|86|0|6
LdbcSnbBiQuery10TagPerson|1515865691402|1515865916291|11488|100|6
LdbcSnbBiQuery5TopCountryPosters|1515865691402|1515865927780|5222|100|6
LdbcSnbBiQuery24MessagesByTopic|1515865691402|1515865933002|534|100|6
LdbcSnbBiQuery8RelatedTopics|1515865691402|1515865933537|68|100|6
LdbcSnbBiQuery21Zombies|1515865691402|1515865933605|106|3|6
LdbcSnbBiQuery11UnrelatedReplies|1515865691402|1515865933711|253|100|6
LdbcSnbBiQuery18PersonPostCounts|1515865691402|1515865933965|1262|161|6
LdbcSnbBiQuery11UnrelatedReplies|1515865691402|1515865935228|342|100|7
LdbcSnbBiQuery18PersonPostCounts|1515865691402|1515865935570|1226|161|7
LdbcSnbBiQuery6ActivePosters|1515865691402|1515865936797|56|100|7
LdbcSnbBiQuery20HighLevelTopics|1515865691402|1515865936854|359|3|7
LdbcSnbBiQuery14TopThreadInitiators|1515865691402|1515865937214|442|100|7
LdbcSnbBiQuery13PopularMonthlyTags|1515865691402|1515865937656|86|31|7
LdbcSnbBiQuery4PopularCountryTopics|1515865691402|1515865937743|71|10|7
LdbcSnbBiQuery7AuthoritativeUsers|1515865691402|1515865937814|42908|100|7
LdbcSnbBiQuery23HolidayDestinations|1515865691402|1515865980723|50|100|7
LdbcSnbBiQuery1PostingSummary|1515865691402|1515865980774|1935|12|7
LdbcSnbBiQuery9RelatedForums|1515865691402|1515865982709|324|0|7
LdbcSnbBiQuery17FriendshipTriangles|1515865691402|1515865983034|789|1|7
LdbcSnbBiQuery3TagEvolution|1515865691402|1515865983824|1929|100|7
LdbcSnbBiQuery12TrendingPosts|1515865691402|1515865985753|838|0|7
LdbcSnbBiQuery22InternationalDialog|1515865691402|1515865986592|2452|27|7
LdbcSnbBiQuery21Zombies|1515865691402|1515865989044|97|2|7
LdbcSnbBiQuery10TagPerson|1515865691402|1515865989142|11713|100|7
LdbcSnbBiQuery15SocialNormals|1515865691402|1515866000856|97|1|7
LdbcSnbBiQuery2TopTags|1515865691402|1515866000954|75|0|7
LdbcSnbBiQuery8RelatedTopics|1515865691402|1515866001029|69|100|7
LdbcSnbBiQuery5TopCountryPosters|1515865691402|1515866001099|3772|100|7
LdbcSnbBiQuery24MessagesByTopic|1515865691402|1515866004871|503|100|7
LdbcSnbBiQuery5TopCountryPosters|1515865691402|1515866005375|2981|100|8
LdbcSnbBiQuery24MessagesByTopic|1515865691402|1515866008356|216|100|8
LdbcSnbBiQuery3TagEvolution|1515865691402|1515866008573|1851|100|8
LdbcSnbBiQuery4PopularCountryTopics|1515865691402|1515866010424|68|7|8
LdbcSnbBiQuery6ActivePosters|1515865691402|1515866010493|38|100|8
LdbcSnbBiQuery11UnrelatedReplies|1515865691402|1515866010531|347|100|8
LdbcSnbBiQuery18PersonPostCounts|1515865691402|1515866010879|1253|161|8
LdbcSnbBiQuery13PopularMonthlyTags|1515865691402|1515866012132|94|31|8
LdbcSnbBiQuery20HighLevelTopics|1515865691402|1515866012227|1080|6|8
LdbcSnbBiQuery14TopThreadInitiators|1515865691402|1515866013307|398|100|8
LdbcSnbBiQuery17FriendshipTriangles|1515865691402|1515866013706|720|1|8
LdbcSnbBiQuery1PostingSummary|1515865691402|1515866014426|1899|12|8
LdbcSnbBiQuery7AuthoritativeUsers|1515865691402|1515866016326|10380|100|8
LdbcSnbBiQuery23HolidayDestinations|1515865691402|1515866026707|69|100|8
LdbcSnbBiQuery9RelatedForums|1515865691402|1515866026776|325|2|8
LdbcSnbBiQuery8RelatedTopics|1515865691402|1515866027102|46|100|8
LdbcSnbBiQuery21Zombies|1515865691402|1515866027149|111|2|8
LdbcSnbBiQuery12TrendingPosts|1515865691402|1515866027261|1016|0|8
LdbcSnbBiQuery22InternationalDialog|1515865691402|1515866028277|2766|27|8
LdbcSnbBiQuery2TopTags|1515865691402|1515866031044|44|0|8
LdbcSnbBiQuery10TagPerson|1515865691402|1515866031088|11074|100|8
LdbcSnbBiQuery15SocialNormals|1515865691402|1515866042163|104|1|8
LdbcSnbBiQuery10TagPerson|1515865691402|1515866042268|11027|100|9
LdbcSnbBiQuery15SocialNormals|1515865691402|1515866053296|20|1|9
LdbcSnbBiQuery7AuthoritativeUsers|1515865691402|1515866053316|3641|100|9
LdbcSnbBiQuery18PersonPostCounts|1515865691402|1515866056958|1340|161|9
LdbcSnbBiQuery3TagEvolution|1515865691402|1515866058298|1909|100|9
LdbcSnbBiQuery5TopCountryPosters|1515865691402|1515866060208|4050|100|9
LdbcSnbBiQuery24MessagesByTopic|1515865691402|1515866064259|197|100|9
LdbcSnbBiQuery11UnrelatedReplies|1515865691402|1515866064456|313|100|9
LdbcSnbBiQuery4PopularCountryTopics|1515865691402|1515866064770|73|12|9
LdbcSnbBiQuery6ActivePosters|1515865691402|1515866064844|74|100|9
LdbcSnbBiQuery1PostingSummary|1515865691402|1515866064919|1991|12|9
LdbcSnbBiQuery14TopThreadInitiators|1515865691402|1515866066910|467|100|9
LdbcSnbBiQuery13PopularMonthlyTags|1515865691402|1515866067377|59|32|9
LdbcSnbBiQuery20HighLevelTopics|1515865691402|1515866067437|267|3|9
LdbcSnbBiQuery17FriendshipTriangles|1515865691402|1515866067704|24|1|9
LdbcSnbBiQuery2TopTags|1515865691402|1515866067729|31|0|9
LdbcSnbBiQuery8RelatedTopics|1515865691402|1515866067761|52|100|9
LdbcSnbBiQuery23HolidayDestinations|1515865691402|1515866067814|21|91|9
LdbcSnbBiQuery9RelatedForums|1515865691402|1515866067836|303|5|9
LdbcSnbBiQuery22InternationalDialog|1515865691402|1515866068140|3060|27|9
LdbcSnbBiQuery21Zombies|1515865691402|1515866071200|45|0|9
LdbcSnbBiQuery12TrendingPosts|1515865691402|1515866071246|834|0|9
LdbcSnbBiQuery21Zombies|1515865691402|1515866072080|41|3|10
LdbcSnbBiQuery12TrendingPosts|1515865691402|1515866072122|817|0|10
LdbcSnbBiQuery13PopularMonthlyTags|1515865691402|1515866072939|50|29|10
LdbcSnbBiQuery24MessagesByTopic|1515865691402|1515866072990|190|100|10
LdbcSnbBiQuery7AuthoritativeUsers|1515865691402|1515866073181|12306|100|10
LdbcSnbBiQuery10TagPerson|1515865691402|1515866085487|10831|100|10
LdbcSnbBiQuery15SocialNormals|1515865691402|1515866096319|19|2|10
LdbcSnbBiQuery5TopCountryPosters|1515865691402|1515866096339|4378|100|10
LdbcSnbBiQuery18PersonPostCounts|1515865691402|1515866100717|1287|161|10
LdbcSnbBiQuery3TagEvolution|1515865691402|1515866102005|1847|100|10
LdbcSnbBiQuery14TopThreadInitiators|1515865691402|1515866103853|486|100|10
LdbcSnbBiQuery6ActivePosters|1515865691402|1515866104339|79|100|10
LdbcSnbBiQuery11UnrelatedReplies|1515865691402|1515866104419|256|100|10
LdbcSnbBiQuery4PopularCountryTopics|1515865691402|1515866104675|15|10|10
LdbcSnbBiQuery1PostingSummary|1515865691402|1515866104691|2050|12|10
LdbcSnbBiQuery22InternationalDialog|1515865691402|1515866106741|3055|27|10
LdbcSnbBiQuery2TopTags|1515865691402|1515866109796|38|0|10
LdbcSnbBiQuery20HighLevelTopics|1515865691402|1515866109835|357|3|10
LdbcSnbBiQuery17FriendshipTriangles|1515865691402|1515866110193|18|1|10
LdbcSnbBiQuery9RelatedForums|1515865691402|1515866110212|329|5|10
LdbcSnbBiQuery8RelatedTopics|1515865691402|1515866110541|67|100|10
LdbcSnbBiQuery23HolidayDestinations|1515865691402|1515866110609|19|70|10
LdbcSnbBiQuery8RelatedTopics|1515865691402|1515866110628|92|100|11
LdbcSnbBiQuery23HolidayDestinations|1515865691402|1515866110721|20|78|11
LdbcSnbBiQuery11UnrelatedReplies|1515865691402|1515866110742|344|100|11
LdbcSnbBiQuery15SocialNormals|1515865691402|1515866111086|18|0|11
LdbcSnbBiQuery13PopularMonthlyTags|1515865691402|1515866111105|54|29|11
LdbcSnbBiQuery21Zombies|1515865691402|1515866111160|40|0|11
LdbcSnbBiQuery12TrendingPosts|1515865691402|1515866111200|792|0|11
LdbcSnbBiQuery10TagPerson|1515865691402|1515866111993|10694|100|11
LdbcSnbBiQuery24MessagesByTopic|1515865691402|1515866122688|184|100|11
LdbcSnbBiQuery7AuthoritativeUsers|1515865691402|1515866122872|16878|100|11
LdbcSnbBiQuery6ActivePosters|1515865691402|1515866139751|55|100|11
LdbcSnbBiQuery3TagEvolution|1515865691402|1515866139806|1822|100|11
LdbcSnbBiQuery5TopCountryPosters|1515865691402|1515866141628|5221|100|11
LdbcSnbBiQuery18PersonPostCounts|1515865691402|1515866146850|2177|161|11
LdbcSnbBiQuery14TopThreadInitiators|1515865691402|1515866149027|772|100|11
LdbcSnbBiQuery9RelatedForums|1515865691402|1515866149800|585|5|11
LdbcSnbBiQuery22InternationalDialog|1515865691402|1515866150385|10025|33|11
LdbcSnbBiQuery4PopularCountryTopics|1515865691402|1515866160410|67|12|11
LdbcSnbBiQuery1PostingSummary|1515865691402|1515866160478|4112|12|11
LdbcSnbBiQuery17FriendshipTriangles|1515865691402|1515866164591|16|1|11
LdbcSnbBiQuery2TopTags|1515865691402|1515866164608|58|0|11
LdbcSnbBiQuery20HighLevelTopics|1515865691402|1515866164666|1567|6|11
LdbcSnbBiQuery2TopTags|1515865691402|1515866166234|90|0|12
LdbcSnbBiQuery20HighLevelTopics|1515865691402|1515866166325|419|3|12
LdbcSnbBiQuery5TopCountryPosters|1515865691402|1515866166744|3947|100|12
LdbcSnbBiQuery12TrendingPosts|1515865691402|1515866170691|767|0|12
LdbcSnbBiQuery11UnrelatedReplies|1515865691402|1515866171459|353|100|12
LdbcSnbBiQuery8RelatedTopics|1515865691402|1515866171813|66|100|12
LdbcSnbBiQuery23HolidayDestinations|1515865691402|1515866171879|26|100|12
LdbcSnbBiQuery21Zombies|1515865691402|1515866171905|58|4|12
LdbcSnbBiQuery15SocialNormals|1515865691402|1515866171964|20|1|12
LdbcSnbBiQuery13PopularMonthlyTags|1515865691402|1515866171985|93|31|12
LdbcSnbBiQuery3TagEvolution|1515865691402|1515866172078|1831|100|12
LdbcSnbBiQuery7AuthoritativeUsers|1515865691402|1515866173910|15008|100|12
LdbcSnbBiQuery10TagPerson|1515865691402|1515866188918|10271|100|12
LdbcSnbBiQuery24MessagesByTopic|1515865691402|1515866199190|139|100|12
LdbcSnbBiQuery6ActivePosters|1515865691402|1515866199330|58|100|12
LdbcSnbBiQuery17FriendshipTriangles|1515865691402|1515866199389|19|1|12
LdbcSnbBiQuery9RelatedForums|1515865691402|1515866199408|360|3|12
LdbcSnbBiQuery18PersonPostCounts|1515865691402|1515866199769|2235|242|12
LdbcSnbBiQuery14TopThreadInitiators|1515865691402|1515866202004|481|100|12
LdbcSnbBiQuery1PostingSummary|1515865691402|1515866202486|2150|12|12
LdbcSnbBiQuery22InternationalDialog|1515865691402|1515866204636|10118|33|12
LdbcSnbBiQuery4PopularCountryTopics|1515865691402|1515866214755|44|10|12
LdbcSnbBiQuery22InternationalDialog|1515865691402|1515866214799|7262|33|13
LdbcSnbBiQuery4PopularCountryTopics|1515865691402|1515866222062|75|8|13
LdbcSnbBiQuery10TagPerson|1515865691402|1515866222137|9653|100|13
LdbcSnbBiQuery23HolidayDestinations|1515865691402|1515866231790|15|55|13
LdbcSnbBiQuery5TopCountryPosters|1515865691402|1515866231806|3993|100|13
LdbcSnbBiQuery2TopTags|1515865691402|1515866235800|55|0|13
LdbcSnbBiQuery20HighLevelTopics|1515865691402|1515866235855|365|3|13
LdbcSnbBiQuery8RelatedTopics|1515865691402|1515866236221|66|100|13
LdbcSnbBiQuery12TrendingPosts|1515865691402|1515866236288|769|0|13
LdbcSnbBiQuery11UnrelatedReplies|1515865691402|1515866237058|144|100|13
LdbcSnbBiQuery7AuthoritativeUsers|1515865691402|1515866237202|2897|100|13
LdbcSnbBiQuery13PopularMonthlyTags|1515865691402|1515866240099|56|31|13
LdbcSnbBiQuery21Zombies|1515865691402|1515866240156|36|1|13
LdbcSnbBiQuery15SocialNormals|1515865691402|1515866240192|17|0|13
LdbcSnbBiQuery3TagEvolution|1515865691402|1515866240210|1902|100|13
LdbcSnbBiQuery1PostingSummary|1515865691402|1515866242113|2280|12|13
LdbcSnbBiQuery17FriendshipTriangles|1515865691402|1515866244394|12|1|13
LdbcSnbBiQuery24MessagesByTopic|1515865691402|1515866244406|187|100|13
LdbcSnbBiQuery6ActivePosters|1515865691402|1515866244593|56|100|13
LdbcSnbBiQuery14TopThreadInitiators|1515865691402|1515866244650|452|100|13
LdbcSnbBiQuery9RelatedForums|1515865691402|1515866245103|299|6|13
LdbcSnbBiQuery18PersonPostCounts|1515865691402|1515866245402|2000|242|13
LdbcSnbBiQuery9RelatedForums|1515865691402|1515866247402|314|1|14
LdbcSnbBiQuery18PersonPostCounts|1515865691402|1515866247717|395|53|14
LdbcSnbBiQuery21Zombies|1515865691402|1515866248112|52|0|14
LdbcSnbBiQuery20HighLevelTopics|1515865691402|1515866248164|1121|6|14
LdbcSnbBiQuery10TagPerson|1515865691402|1515866249286|9395|100|14
LdbcSnbBiQuery22InternationalDialog|1515865691402|1515866258681|2123|33|14
LdbcSnbBiQuery4PopularCountryTopics|1515865691402|1515866260805|72|6|14
LdbcSnbBiQuery2TopTags|1515865691402|1515866260878|83|0|14
LdbcSnbBiQuery23HolidayDestinations|1515865691402|1515866260961|21|100|14
LdbcSnbBiQuery5TopCountryPosters|1515865691402|1515866260983|4167|100|14
LdbcSnbBiQuery13PopularMonthlyTags|1515865691402|1515866265150|80|32|14
LdbcSnbBiQuery11UnrelatedReplies|1515865691402|1515866265231|254|100|14
LdbcSnbBiQuery8RelatedTopics|1515865691402|1515866265485|66|100|14
LdbcSnbBiQuery12TrendingPosts|1515865691402|1515866265551|742|0|14
LdbcSnbBiQuery7AuthoritativeUsers|1515865691402|1515866266294|5952|100|14
LdbcSnbBiQuery14TopThreadInitiators|1515865691402|1515866272246|438|100|14
LdbcSnbBiQuery1PostingSummary|1515865691402|1515866272684|2290|12|14
LdbcSnbBiQuery15SocialNormals|1515865691402|1515866274974|18|2|14
LdbcSnbBiQuery3TagEvolution|1515865691402|1515866274993|1839|100|14
LdbcSnbBiQuery6ActivePosters|1515865691402|1515866276832|31|100|14
LdbcSnbBiQuery17FriendshipTriangles|1515865691402|1515866276864|18|1|14
LdbcSnbBiQuery24MessagesByTopic|1515865691402|1515866276883|107|100|14
LdbcSnbBiQuery17FriendshipTriangles|1515865691402|1515866276991|747|1|15
LdbcSnbBiQuery24MessagesByTopic|1515865691402|1515866277739|114|100|15
LdbcSnbBiQuery8RelatedTopics|1515865691402|1515866277853|49|100|15
LdbcSnbBiQuery4PopularCountryTopics|1515865691402|1515866277903|82|10|15
LdbcSnbBiQuery21Zombies|1515865691402|1515866277986|106|4|15
LdbcSnbBiQuery9RelatedForums|1515865691402|1515866278093|346|5|15
LdbcSnbBiQuery18PersonPostCounts|1515865691402|1515866278439|1125|133|15
LdbcSnbBiQuery22InternationalDialog|1515865691402|1515866279565|2487|33|15
LdbcSnbBiQuery20HighLevelTopics|1515865691402|1515866282052|275|3|15
LdbcSnbBiQuery10TagPerson|1515865691402|1515866282327|9509|100|15
LdbcSnbBiQuery11UnrelatedReplies|1515865691402|1515866291837|231|100|15
LdbcSnbBiQuery5TopCountryPosters|1515865691402|1515866292069|4300|100|15
LdbcSnbBiQuery2TopTags|1515865691402|1515866296369|78|0|15
LdbcSnbBiQuery23HolidayDestinations|1515865691402|1515866296448|54|100|15
LdbcSnbBiQuery13PopularMonthlyTags|1515865691402|1515866296502|104|32|15
LdbcSnbBiQuery6ActivePosters|1515865691402|1515866296606|34|100|15
LdbcSnbBiQuery14TopThreadInitiators|1515865691402|1515866296641|459|100|15
LdbcSnbBiQuery12TrendingPosts|1515865691402|1515866297100|697|0|15
LdbcSnbBiQuery7AuthoritativeUsers|1515865691402|1515866297798|565173|100|15
LdbcSnbBiQuery3TagEvolution|1515865691402|1515866862972|1984|100|15
LdbcSnbBiQuery1PostingSummary|1515865691402|1515866864956|2392|12|15
LdbcSnbBiQuery15SocialNormals|1515865691402|1515866867348|102|2|15
LdbcSnbBiQuery1PostingSummary|1515865691402|1515866867451|2174|12|16
LdbcSnbBiQuery15SocialNormals|1515865691402|1515866869626|18|0|16
LdbcSnbBiQuery2TopTags|1515865691402|1515866869644|77|0|16
LdbcSnbBiQuery18PersonPostCounts|1515865691402|1515866869721|968|133|16
LdbcSnbBiQuery8RelatedTopics|1515865691402|1515866870690|32|100|16
LdbcSnbBiQuery17FriendshipTriangles|1515865691402|1515866870723|14|1|16
LdbcSnbBiQuery24MessagesByTopic|1515865691402|1515866870737|76|100|16
LdbcSnbBiQuery9RelatedForums|1515865691402|1515866870814|295|4|16
LdbcSnbBiQuery4PopularCountryTopics|1515865691402|1515866871109|16|9|16
LdbcSnbBiQuery21Zombies|1515865691402|1515866871126|44|1|16
LdbcSnbBiQuery5TopCountryPosters|1515865691402|1515866871171|3880|100|16
LdbcSnbBiQuery10TagPerson|1515865691402|1515866875051|12059|100|16
LdbcSnbBiQuery22InternationalDialog|1515865691402|1515866887110|2421|33|16
LdbcSnbBiQuery20HighLevelTopics|1515865691402|1515866889531|437|3|16
LdbcSnbBiQuery11UnrelatedReplies|1515865691402|1515866889969|297|100|16
LdbcSnbBiQuery3TagEvolution|1515865691402|1515866890267|1834|100|16
LdbcSnbBiQuery6ActivePosters|1515865691402|1515866892102|50|100|16
LdbcSnbBiQuery23HolidayDestinations|1515865691402|1515866892152|18|71|16
LdbcSnbBiQuery13PopularMonthlyTags|1515865691402|1515866892171|63|32|16
LdbcSnbBiQuery7AuthoritativeUsers|1515865691402|1515866892234|2360|100|16
LdbcSnbBiQuery14TopThreadInitiators|1515865691402|1515866894595|468|100|16
LdbcSnbBiQuery12TrendingPosts|1515865691402|1515866895063|744|0|16
LdbcSnbBiQuery14TopThreadInitiators|1515865691402|1515866895808|477|100|17
LdbcSnbBiQuery12TrendingPosts|1515865691402|1515866896285|726|0|17
LdbcSnbBiQuery22InternationalDialog|1515865691402|1515866897011|2540|33|17
LdbcSnbBiQuery24MessagesByTopic|1515865691402|1515866899552|973|100|17
LdbcSnbBiQuery2TopTags|1515865691402|1515866900526|41|0|17
LdbcSnbBiQuery1PostingSummary|1515865691402|1515866900567|2282|12|17
LdbcSnbBiQuery15SocialNormals|1515865691402|1515866902850|102|2|17
LdbcSnbBiQuery17FriendshipTriangles|1515865691402|1515866902952|766|1|17
LdbcSnbBiQuery18PersonPostCounts|1515865691402|1515866903719|1298|161|17
LdbcSnbBiQuery8RelatedTopics|1515865691402|1515866905018|62|100|17
LdbcSnbBiQuery10TagPerson|1515865691402|1515866905080|11677|100|17
LdbcSnbBiQuery21Zombies|1515865691402|1515866916757|114|5|17
LdbcSnbBiQuery9RelatedForums|1515865691402|1515866916872|330|5|17
LdbcSnbBiQuery4PopularCountryTopics|1515865691402|1515866917202|19|9|17
LdbcSnbBiQuery5TopCountryPosters|1515865691402|1515866917222|4094|100|17
LdbcSnbBiQuery7AuthoritativeUsers|1515865691402|1515866921316|10604|100|17
LdbcSnbBiQuery3TagEvolution|1515865691402|1515866931920|1919|100|17
LdbcSnbBiQuery20HighLevelTopics|1515865691402|1515866933840|1118|6|17
LdbcSnbBiQuery11UnrelatedReplies|1515865691402|1515866934959|270|100|17
LdbcSnbBiQuery13PopularMonthlyTags|1515865691402|1515866935230|102|32|17
LdbcSnbBiQuery6ActivePosters|1515865691402|1515866935332|47|100|17
LdbcSnbBiQuery23HolidayDestinations|1515865691402|1515866935380|48|100|17
LdbcSnbBiQuery6ActivePosters|1515865691402|1515866935428|33|100|18
LdbcSnbBiQuery23HolidayDestinations|1515865691402|1515866935462|43|100|18
LdbcSnbBiQuery9RelatedForums|1515865691402|1515866935505|336|3|18
LdbcSnbBiQuery15SocialNormals|1515865691402|1515866935842|19|0|18
LdbcSnbBiQuery22InternationalDialog|1515865691402|1515866935861|3123|33|18
LdbcSnbBiQuery14TopThreadInitiators|1515865691402|1515866938985|411|100|18
LdbcSnbBiQuery12TrendingPosts|1515865691402|1515866939396|702|0|18
LdbcSnbBiQuery1PostingSummary|1515865691402|1515866940099|2228|12|18
LdbcSnbBiQuery24MessagesByTopic|1515865691402|1515866942327|906|100|18
LdbcSnbBiQuery2TopTags|1515865691402|1515866943234|50|0|18
LdbcSnbBiQuery21Zombies|1515865691402|1515866943285|51|5|18
LdbcSnbBiQuery8RelatedTopics|1515865691402|1515866943337|38|100|18
LdbcSnbBiQuery17FriendshipTriangles|1515865691402|1515866943376|15|1|18
LdbcSnbBiQuery18PersonPostCounts|1515865691402|1515866943391|1368|161|18
LdbcSnbBiQuery10TagPerson|1515865691402|1515866944760|9504|100|18
LdbcSnbBiQuery13PopularMonthlyTags|1515865691402|1515866954264|97|30|18
LdbcSnbBiQuery7AuthoritativeUsers|1515865691402|1515866954361|973|100|18
LdbcSnbBiQuery4PopularCountryTopics|1515865691402|1515866955335|17|9|18
LdbcSnbBiQuery5TopCountryPosters|1515865691402|1515866955352|5118|100|18
LdbcSnbBiQuery11UnrelatedReplies|1515865691402|1515866960471|375|100|18
LdbcSnbBiQuery3TagEvolution|1515865691402|1515866960846|1990|100|18
LdbcSnbBiQuery20HighLevelTopics|1515865691402|1515866962837|303|3|18
LdbcSnbBiQuery3TagEvolution|1515865691402|1515866963140|1838|100|19
LdbcSnbBiQuery20HighLevelTopics|1515865691402|1515866964979|369|3|19
LdbcSnbBiQuery17FriendshipTriangles|1515865691402|1515866965348|25|1|19
LdbcSnbBiQuery12TrendingPosts|1515865691402|1515866965374|680|0|19
LdbcSnbBiQuery9RelatedForums|1515865691402|1515866966054|308|4|19
LdbcSnbBiQuery6ActivePosters|1515865691402|1515866966362|59|100|19
LdbcSnbBiQuery23HolidayDestinations|1515865691402|1515866966422|25|100|19
LdbcSnbBiQuery14TopThreadInitiators|1515865691402|1515866966448|511|100|19
LdbcSnbBiQuery15SocialNormals|1515865691402|1515866966959|20|0|19
LdbcSnbBiQuery22InternationalDialog|1515865691402|1515866966979|2783|33|19
LdbcSnbBiQuery8RelatedTopics|1515865691402|1515866969763|49|100|19
LdbcSnbBiQuery2TopTags|1515865691402|1515866969812|36|0|19
LdbcSnbBiQuery1PostingSummary|1515865691402|1515866969848|2326|12|19
LdbcSnbBiQuery24MessagesByTopic|1515865691402|1515866972175|958|100|19
LdbcSnbBiQuery21Zombies|1515865691402|1515866973134|62|2|19
LdbcSnbBiQuery11UnrelatedReplies|1515865691402|1515866973196|303|100|19
LdbcSnbBiQuery13PopularMonthlyTags|1515865691402|1515866973500|104|32|19
LdbcSnbBiQuery18PersonPostCounts|1515865691402|1515866973605|1377|161|19
LdbcSnbBiQuery10TagPerson|1515865691402|1515866974982|12003|100|19
LdbcSnbBiQuery5TopCountryPosters|1515865691402|1515866986986|2344|100|19
LdbcSnbBiQuery7AuthoritativeUsers|1515865691402|1515866989331|14259|100|19
LdbcSnbBiQuery4PopularCountryTopics|1515865691402|1515867003590|8|11|19
LdbcSnbBiQuery7AuthoritativeUsers|1515865691402|1515867003598|8545|100|20
LdbcSnbBiQuery4PopularCountryTopics|1515865691402|1515867012144|9|8|20
LdbcSnbBiQuery1PostingSummary|1515865691402|1515867012154|2395|12|20
LdbcSnbBiQuery23HolidayDestinations|1515865691402|1515867014550|23|74|20
LdbcSnbBiQuery17FriendshipTriangles|1515865691402|1515867014573|17|1|20
LdbcSnbBiQuery3TagEvolution|1515865691402|1515867014591|1887|100|20
LdbcSnbBiQuery20HighLevelTopics|1515865691402|1515867016478|1134|6|20
LdbcSnbBiQuery6ActivePosters|1515865691402|1515867017612|31|96|20
LdbcSnbBiQuery12TrendingPosts|1515865691402|1515867017644|738|0|20
LdbcSnbBiQuery9RelatedForums|1515865691402|1515867018382|311|1|20
LdbcSnbBiQuery2TopTags|1515865691402|1515867018694|76|0|20
LdbcSnbBiQuery22InternationalDialog|1515865691402|1515867018770|6997|28|20
LdbcSnbBiQuery14TopThreadInitiators|1515865691402|1515867025768|444|100|20
LdbcSnbBiQuery15SocialNormals|1515865691402|1515867026213|19|0|20
LdbcSnbBiQuery8RelatedTopics|1515865691402|1515867026232|42|100|20
LdbcSnbBiQuery5TopCountryPosters|1515865691402|1515867026275|4925|100|20
LdbcSnbBiQuery11UnrelatedReplies|1515865691402|1515867031200|423|100|20
LdbcSnbBiQuery24MessagesByTopic|1515865691402|1515867031623|930|100|20
LdbcSnbBiQuery21Zombies|1515865691402|1515867032554|40|0|20
LdbcSnbBiQuery10TagPerson|1515865691402|1515867032594|8962|100|20
LdbcSnbBiQuery13PopularMonthlyTags|1515865691402|1515867041557|44|30|20
LdbcSnbBiQuery18PersonPostCounts|1515865691402|1515867041602|1282|161|20
LdbcSnbBiQuery13PopularMonthlyTags|1515865691402|1515867042884|78|32|21
LdbcSnbBiQuery18PersonPostCounts|1515865691402|1515867042963|1247|161|21
LdbcSnbBiQuery14TopThreadInitiators|1515865691402|1515867044210|451|100|21
LdbcSnbBiQuery20HighLevelTopics|1515865691402|1515867044662|265|3|21
LdbcSnbBiQuery1PostingSummary|1515865691402|1515867044927|2323|12|21
LdbcSnbBiQuery7AuthoritativeUsers|1515865691402|1515867047251|4549|100|21
LdbcSnbBiQuery4PopularCountryTopics|1515865691402|1515867051800|11|16|21
LdbcSnbBiQuery3TagEvolution|1515865691402|1515867051812|2001|100|21
LdbcSnbBiQuery23HolidayDestinations|1515865691402|1515867053814|66|92|21
LdbcSnbBiQuery17FriendshipTriangles|1515865691402|1515867053881|841|1|21
LdbcSnbBiQuery22InternationalDialog|1515865691402|1515867054722|5489|28|21
LdbcSnbBiQuery9RelatedForums|1515865691402|1515867060211|285|5|21
LdbcSnbBiQuery6ActivePosters|1515865691402|1515867060496|43|80|21
LdbcSnbBiQuery12TrendingPosts|1515865691402|1515867060541|674|0|21
LdbcSnbBiQuery2TopTags|1515865691402|1515867061215|62|0|21
LdbcSnbBiQuery10TagPerson|1515865691402|1515867061278|8827|100|21
LdbcSnbBiQuery5TopCountryPosters|1515865691402|1515867070105|4459|100|21
LdbcSnbBiQuery15SocialNormals|1515865691402|1515867074565|124|0|21
LdbcSnbBiQuery8RelatedTopics|1515865691402|1515867074689|31|100|21
LdbcSnbBiQuery21Zombies|1515865691402|1515867074721|89|2|21
LdbcSnbBiQuery11UnrelatedReplies|1515865691402|1515867074811|295|100|21
LdbcSnbBiQuery24MessagesByTopic|1515865691402|1515867075106|698|100|21
LdbcSnbBiQuery11UnrelatedReplies|1515865691402|1515867075805|296|100|22
LdbcSnbBiQuery24MessagesByTopic|1515865691402|1515867076101|499|100|22
LdbcSnbBiQuery6ActivePosters|1515865691402|1515867076601|31|100|22
LdbcSnbBiQuery4PopularCountryTopics|1515865691402|1515867076633|10|10|22
LdbcSnbBiQuery14TopThreadInitiators|1515865691402|1515867076643|398|100|22
LdbcSnbBiQuery13PopularMonthlyTags|1515865691402|1515867077042|115|33|22
LdbcSnbBiQuery18PersonPostCounts|1515865691402|1515867077157|1412|161|22
LdbcSnbBiQuery7AuthoritativeUsers|1515865691402|1515867078570|14492|100|22
LdbcSnbBiQuery20HighLevelTopics|1515865691402|1515867093062|429|3|22
LdbcSnbBiQuery1PostingSummary|1515865691402|1515867093491|2872|12|22
LdbcSnbBiQuery9RelatedForums|1515865691402|1515867096364|344|4|22
LdbcSnbBiQuery17FriendshipTriangles|1515865691402|1515867096709|21|1|22
LdbcSnbBiQuery3TagEvolution|1515865691402|1515867096731|1900|100|22
LdbcSnbBiQuery23HolidayDestinations|1515865691402|1515867098631|33|100|22
LdbcSnbBiQuery22InternationalDialog|1515865691402|1515867098664|1710|28|22
LdbcSnbBiQuery21Zombies|1515865691402|1515867100375|78|1|22
LdbcSnbBiQuery10TagPerson|1515865691402|1515867100453|8817|100|22
LdbcSnbBiQuery12TrendingPosts|1515865691402|1515867109271|654|0|22
LdbcSnbBiQuery2TopTags|1515865691402|1515867109926|44|0|22
LdbcSnbBiQuery8RelatedTopics|1515865691402|1515867109970|34|100|22
LdbcSnbBiQuery5TopCountryPosters|1515865691402|1515867110005|4530|100|22
LdbcSnbBiQuery15SocialNormals|1515865691402|1515867114535|19|1|22
LdbcSnbBiQuery5TopCountryPosters|1515865691402|1515867114555|7113|100|23
LdbcSnbBiQuery15SocialNormals|1515865691402|1515867121668|32|2|23
LdbcSnbBiQuery3TagEvolution|1515865691402|1515867121701|2080|100|23
LdbcSnbBiQuery18PersonPostCounts|1515865691402|1515867123782|1391|161|23
LdbcSnbBiQuery6ActivePosters|1515865691402|1515867125174|38|100|23
LdbcSnbBiQuery11UnrelatedReplies|1515865691402|1515867125212|274|100|23
LdbcSnbBiQuery24MessagesByTopic|1515865691402|1515867125487|492|100|23
LdbcSnbBiQuery13PopularMonthlyTags|1515865691402|1515867125979|72|32|23
LdbcSnbBiQuery4PopularCountryTopics|1515865691402|1515867126051|11|12|23
LdbcSnbBiQuery14TopThreadInitiators|1515865691402|1515867126063|481|100|23
LdbcSnbBiQuery17FriendshipTriangles|1515865691402|1515867126544|18|1|23
LdbcSnbBiQuery1PostingSummary|1515865691402|1515867126563|2633|18|23
LdbcSnbBiQuery7AuthoritativeUsers|1515865691402|1515867129197|46017|100|23
LdbcSnbBiQuery20HighLevelTopics|1515865691402|1515867175215|1120|6|23
LdbcSnbBiQuery9RelatedForums|1515865691402|1515867176335|388|3|23
LdbcSnbBiQuery8RelatedTopics|1515865691402|1515867176724|43|100|23
LdbcSnbBiQuery21Zombies|1515865691402|1515867176767|66|1|23
LdbcSnbBiQuery23HolidayDestinations|1515865691402|1515867176834|28|100|23
LdbcSnbBiQuery22InternationalDialog|1515865691402|1515867176863|1868|28|23
LdbcSnbBiQuery2TopTags|1515865691402|1515867178731|72|0|23
LdbcSnbBiQuery10TagPerson|1515865691402|1515867178804|8644|100|23
LdbcSnbBiQuery12TrendingPosts|1515865691402|1515867187449|648|0|23
LdbcSnbBiQuery10TagPerson|1515865691402|1515867188097|8436|100|24
LdbcSnbBiQuery12TrendingPosts|1515865691402|1515867196533|707|0|24
LdbcSnbBiQuery7AuthoritativeUsers|1515865691402|1515867197241|10460|100|24
LdbcSnbBiQuery24MessagesByTopic|1515865691402|1515867207702|212|100|24
LdbcSnbBiQuery3TagEvolution|1515865691402|1515867207915|1911|100|24
LdbcSnbBiQuery5TopCountryPosters|1515865691402|1515867209827|4739|100|24
LdbcSnbBiQuery15SocialNormals|1515865691402|1515867214566|109|0|24
LdbcSnbBiQuery11UnrelatedReplies|1515865691402|1515867214676|233|100|24
LdbcSnbBiQuery18PersonPostCounts|1515865691402|1515867214910|1382|161|24
LdbcSnbBiQuery6ActivePosters|1515865691402|1515867216293|63|100|24
LdbcSnbBiQuery1PostingSummary|1515865691402|1515867216356|4508|18|24
LdbcSnbBiQuery14TopThreadInitiators|1515865691402|1515867220865|500|100|24
LdbcSnbBiQuery13PopularMonthlyTags|1515865691402|1515867221366|95|31|24
LdbcSnbBiQuery4PopularCountryTopics|1515865691402|1515867221461|13|11|24
LdbcSnbBiQuery17FriendshipTriangles|1515865691402|1515867221475|912|1|24
LdbcSnbBiQuery2TopTags|1515865691402|1515867222387|101|0|24
LdbcSnbBiQuery8RelatedTopics|1515865691402|1515867222488|53|100|24
LdbcSnbBiQuery20HighLevelTopics|1515865691402|1515867222542|316|3|24
LdbcSnbBiQuery9RelatedForums|1515865691402|1515867222858|340|4|24
LdbcSnbBiQuery22InternationalDialog|1515865691402|1515867223199|1934|28|24
LdbcSnbBiQuery21Zombies|1515865691402|1515867225133|98|2|24
LdbcSnbBiQuery23HolidayDestinations|1515865691402|1515867225232|44|100|24
LdbcSnbBiQuery21Zombies|1515865691402|1515867225276|108|2|25
LdbcSnbBiQuery23HolidayDestinations|1515865691402|1515867225385|52|100|25
LdbcSnbBiQuery13PopularMonthlyTags|1515865691402|1515867225438|121|32|25
LdbcSnbBiQuery15SocialNormals|1515865691402|1515867225559|104|1|25
LdbcSnbBiQuery7AuthoritativeUsers|1515865691402|1515867225664|3787|100|25
LdbcSnbBiQuery10TagPerson|1515865691402|1515867229451|8160|100|25
LdbcSnbBiQuery12TrendingPosts|1515865691402|1515867237611|583|0|25
LdbcSnbBiQuery5TopCountryPosters|1515865691402|1515867238195|2959|100|25
LdbcSnbBiQuery24MessagesByTopic|1515865691402|1515867241155|160|100|25
LdbcSnbBiQuery3TagEvolution|1515865691402|1515867241315|2148|100|25
LdbcSnbBiQuery14TopThreadInitiators|1515865691402|1515867243464|567|100|25
LdbcSnbBiQuery6ActivePosters|1515865691402|1515867244031|58|100|25
LdbcSnbBiQuery11UnrelatedReplies|1515865691402|1515867244090|445|100|25
LdbcSnbBiQuery18PersonPostCounts|1515865691402|1515867244536|2326|242|25
LdbcSnbBiQuery1PostingSummary|1515865691402|1515867246862|2563|18|25
LdbcSnbBiQuery22InternationalDialog|1515865691402|1515867249426|2135|28|25
LdbcSnbBiQuery2TopTags|1515865691402|1515867251561|33|0|25
LdbcSnbBiQuery4PopularCountryTopics|1515865691402|1515867251595|7|10|25
LdbcSnbBiQuery17FriendshipTriangles|1515865691402|1515867251602|778|1|25
LdbcSnbBiQuery9RelatedForums|1515865691402|1515867252381|325|1|25
LdbcSnbBiQuery8RelatedTopics|1515865691402|1515867252707|36|100|25
LdbcSnbBiQuery20HighLevelTopics|1515865691402|1515867252743|373|3|25
LdbcSnbBiQuery8RelatedTopics|1515865691402|1515867253117|30|100|26
LdbcSnbBiQuery20HighLevelTopics|1515865691402|1515867253147|1112|6|26
LdbcSnbBiQuery11UnrelatedReplies|1515865691402|1515867254260|282|100|26
LdbcSnbBiQuery12TrendingPosts|1515865691402|1515867254543|641|0|26
LdbcSnbBiQuery13PopularMonthlyTags|1515865691402|1515867255184|39|29|26
LdbcSnbBiQuery21Zombies|1515865691402|1515867255224|37|0|26
LdbcSnbBiQuery23HolidayDestinations|1515865691402|1515867255262|15|54|26
LdbcSnbBiQuery10TagPerson|1515865691402|1515867255277|6930|97|26
LdbcSnbBiQuery15SocialNormals|1515865691402|1515867262208|18|0|26
LdbcSnbBiQuery7AuthoritativeUsers|1515865691402|1515867262226|12712|100|26
LdbcSnbBiQuery6ActivePosters|1515865691402|1515867274938|64|100|26
LdbcSnbBiQuery3TagEvolution|1515865691402|1515867275003|1983|100|26
LdbcSnbBiQuery5TopCountryPosters|1515865691402|1515867276986|6134|100|26
LdbcSnbBiQuery24MessagesByTopic|1515865691402|1515867283121|327|100|26
LdbcSnbBiQuery14TopThreadInitiators|1515865691402|1515867283448|849|100|26
LdbcSnbBiQuery9RelatedForums|1515865691402|1515867284298|381|5|26
LdbcSnbBiQuery22InternationalDialog|1515865691402|1515867284680|2769|28|26
LdbcSnbBiQuery18PersonPostCounts|1515865691402|1515867287449|2269|242|26
LdbcSnbBiQuery1PostingSummary|1515865691402|1515867289718|2615|18|26
LdbcSnbBiQuery17FriendshipTriangles|1515865691402|1515867292334|12|1|26
LdbcSnbBiQuery2TopTags|1515865691402|1515867292346|38|0|26
LdbcSnbBiQuery4PopularCountryTopics|1515865691402|1515867292384|6|7|26
LdbcSnbBiQuery2TopTags|1515865691402|1515867292391|39|0|27
LdbcSnbBiQuery4PopularCountryTopics|1515865691402|1515867292431|9|12|27
LdbcSnbBiQuery5TopCountryPosters|1515865691402|1515867292441|4088|100|27
LdbcSnbBiQuery23HolidayDestinations|1515865691402|1515867296529|21|100|27
LdbcSnbBiQuery11UnrelatedReplies|1515865691402|1515867296551|411|100|27
LdbcSnbBiQuery8RelatedTopics|1515865691402|1515867296962|43|100|27
LdbcSnbBiQuery20HighLevelTopics|1515865691402|1515867297006|291|3|27
LdbcSnbBiQuery21Zombies|1515865691402|1515867297298|48|2|27
LdbcSnbBiQuery12TrendingPosts|1515865691402|1515867297346|633|0|27
LdbcSnbBiQuery13PopularMonthlyTags|1515865691402|1515867297980|74|31|27
LdbcSnbBiQuery3TagEvolution|1515865691402|1515867298054|2044|100|27
LdbcSnbBiQuery7AuthoritativeUsers|1515865691402|1515867300099|20562|100|27
LdbcSnbBiQuery10TagPerson|1515865691402|1515867320661|7445|95|27
LdbcSnbBiQuery15SocialNormals|1515865691402|1515867328107|17|2|27
LdbcSnbBiQuery6ActivePosters|1515865691402|1515867328125|33|100|27
LdbcSnbBiQuery17FriendshipTriangles|1515865691402|1515867328159|14|1|27
LdbcSnbBiQuery9RelatedForums|1515865691402|1515867328173|322|2|27
LdbcSnbBiQuery24MessagesByTopic|1515865691402|1515867328495|139|100|27
LdbcSnbBiQuery14TopThreadInitiators|1515865691402|1515867328635|457|100|27
LdbcSnbBiQuery1PostingSummary|1515865691402|1515867329093|2386|18|27
LdbcSnbBiQuery22InternationalDialog|1515865691402|1515867331479|2259|28|27
LdbcSnbBiQuery18PersonPostCounts|1515865691402|1515867333738|521|75|27
LdbcSnbBiQuery22InternationalDialog|1515865691402|1515867334260|7989|30|28
LdbcSnbBiQuery18PersonPostCounts|1515865691402|1515867342249|1231|181|28
LdbcSnbBiQuery10TagPerson|1515865691402|1515867343481|9371|95|28
LdbcSnbBiQuery20HighLevelTopics|1515865691402|1515867352852|409|3|28
LdbcSnbBiQuery5TopCountryPosters|1515865691402|1515867353261|5175|100|28
LdbcSnbBiQuery2TopTags|1515865691402|1515867358437|49|0|28
LdbcSnbBiQuery4PopularCountryTopics|1515865691402|1515867358487|9|10|28
LdbcSnbBiQuery8RelatedTopics|1515865691402|1515867358496|30|100|28
LdbcSnbBiQuery23HolidayDestinations|1515865691402|1515867358527|23|100|28
LdbcSnbBiQuery11UnrelatedReplies|1515865691402|1515867358551|268|100|28
LdbcSnbBiQuery7AuthoritativeUsers|1515865691402|1515867358820|14899|100|28
LdbcSnbBiQuery13PopularMonthlyTags|1515865691402|1515867373719|64|31|28
LdbcSnbBiQuery21Zombies|1515865691402|1515867373784|49|3|28
LdbcSnbBiQuery12TrendingPosts|1515865691402|1515867373833|574|0|28
LdbcSnbBiQuery3TagEvolution|1515865691402|1515867374408|1711|100|28
LdbcSnbBiQuery1PostingSummary|1515865691402|1515867376120|2577|18|28
LdbcSnbBiQuery17FriendshipTriangles|1515865691402|1515867378697|13|1|28
LdbcSnbBiQuery15SocialNormals|1515865691402|1515867378711|16|0|28
LdbcSnbBiQuery6ActivePosters|1515865691402|1515867378728|31|100|28
LdbcSnbBiQuery14TopThreadInitiators|1515865691402|1515867378759|409|100|28
LdbcSnbBiQuery9RelatedForums|1515865691402|1515867379168|274|4|28
LdbcSnbBiQuery24MessagesByTopic|1515865691402|1515867379442|131|100|28
LdbcSnbBiQuery9RelatedForums|1515865691402|1515867379573|323|1|29
LdbcSnbBiQuery24MessagesByTopic|1515865691402|1515867379897|143|100|29
LdbcSnbBiQuery21Zombies|1515865691402|1515867380040|77|0|29
LdbcSnbBiQuery4PopularCountryTopics|1515865691402|1515867380117|12|12|29
LdbcSnbBiQuery10TagPerson|1515865691402|1515867380130|6211|92|29
LdbcSnbBiQuery22InternationalDialog|1515865691402|1515867386342|2553|30|29
LdbcSnbBiQuery18PersonPostCounts|1515865691402|1515867388896|1194|181|29
LdbcSnbBiQuery2TopTags|1515865691402|1515867390090|32|0|29
LdbcSnbBiQuery20HighLevelTopics|1515865691402|1515867390123|1129|6|29
LdbcSnbBiQuery5TopCountryPosters|1515865691402|1515867391252|5122|100|29
LdbcSnbBiQuery13PopularMonthlyTags|1515865691402|1515867396375|81|33|29
LdbcSnbBiQuery11UnrelatedReplies|1515865691402|1515867396456|189|100|29
LdbcSnbBiQuery8RelatedTopics|1515865691402|1515867396646|37|100|29
LdbcSnbBiQuery23HolidayDestinations|1515865691402|1515867396683|22|100|29
LdbcSnbBiQuery7AuthoritativeUsers|1515865691402|1515867396706|3020|100|29
LdbcSnbBiQuery14TopThreadInitiators|1515865691402|1515867399727|539|100|29
LdbcSnbBiQuery1PostingSummary|1515865691402|1515867400266|2494|18|29
LdbcSnbBiQuery12TrendingPosts|1515865691402|1515867402761|603|0|29
LdbcSnbBiQuery3TagEvolution|1515865691402|1515867403364|1799|100|29
LdbcSnbBiQuery6ActivePosters|1515865691402|1515867405164|34|100|29
LdbcSnbBiQuery17FriendshipTriangles|1515865691402|1515867405198|14|1|29
LdbcSnbBiQuery15SocialNormals|1515865691402|1515867405213|19|0|29
LdbcSnbBiQuery17FriendshipTriangles|1515865691402|1515867405232|13|1|30
LdbcSnbBiQuery15SocialNormals|1515865691402|1515867405246|16|1|30
LdbcSnbBiQuery8RelatedTopics|1515865691402|1515867405263|33|100|30
LdbcSnbBiQuery18PersonPostCounts|1515865691402|1515867405296|1532|222|30
LdbcSnbBiQuery21Zombies|1515865691402|1515867406829|46|2|30
LdbcSnbBiQuery9RelatedForums|1515865691402|1515867406876|336|4|30
LdbcSnbBiQuery24MessagesByTopic|1515865691402|1515867407212|105|100|30
LdbcSnbBiQuery22InternationalDialog|1515865691402|1515867407317|2680|30|30
LdbcSnbBiQuery4PopularCountryTopics|1515865691402|1515867409998|10|10|30
LdbcSnbBiQuery10TagPerson|1515865691402|1515867410009|5688|88|30
LdbcSnbBiQuery11UnrelatedReplies|1515865691402|1515867415698|149|100|30
LdbcSnbBiQuery5TopCountryPosters|1515865691402|1515867415847|5382|100|30
LdbcSnbBiQuery2TopTags|1515865691402|1515867421229|72|0|30
LdbcSnbBiQuery20HighLevelTopics|1515865691402|1515867421301|265|3|30
LdbcSnbBiQuery13PopularMonthlyTags|1515865691402|1515867421567|58|32|30
LdbcSnbBiQuery6ActivePosters|1515865691402|1515867421626|33|100|30
LdbcSnbBiQuery14TopThreadInitiators|1515865691402|1515867421659|402|100|30
LdbcSnbBiQuery23HolidayDestinations|1515865691402|1515867422062|15|68|30
LdbcSnbBiQuery7AuthoritativeUsers|1515865691402|1515867422077|6216|100|30
LdbcSnbBiQuery3TagEvolution|1515865691402|1515867428294|1769|100|30
LdbcSnbBiQuery1PostingSummary|1515865691402|1515867430064|2547|18|30
LdbcSnbBiQuery12TrendingPosts|1515865691402|1515867432611|633|0|30
LdbcSnbBiQuery1PostingSummary|1515865691402|1515867433244|2591|18|31
LdbcSnbBiQuery12TrendingPosts|1515865691402|1515867435836|589|0|31
LdbcSnbBiQuery2TopTags|1515865691402|1515867436425|36|0|31
LdbcSnbBiQuery24MessagesByTopic|1515865691402|1515867436462|114|100|31
LdbcSnbBiQuery8RelatedTopics|1515865691402|1515867436577|35|100|31
LdbcSnbBiQuery17FriendshipTriangles|1515865691402|1515867436612|772|1|31
LdbcSnbBiQuery15SocialNormals|1515865691402|1515867437384|104|0|31
LdbcSnbBiQuery9RelatedForums|1515865691402|1515867437489|310|3|31
LdbcSnbBiQuery18PersonPostCounts|1515865691402|1515867437800|1548|222|31
LdbcSnbBiQuery21Zombies|1515865691402|1515867439349|113|1|31
LdbcSnbBiQuery5TopCountryPosters|1515865691402|1515867439462|4518|100|31
LdbcSnbBiQuery10TagPerson|1515865691402|1515867443981|5664|85|31
LdbcSnbBiQuery22InternationalDialog|1515865691402|1515867449645|2724|30|31
LdbcSnbBiQuery4PopularCountryTopics|1515865691402|1515867452369|6|8|31
LdbcSnbBiQuery11UnrelatedReplies|1515865691402|1515867452376|266|100|31
LdbcSnbBiQuery3TagEvolution|1515865691402|1515867452643|2068|100|31
LdbcSnbBiQuery6ActivePosters|1515865691402|1515867454711|31|100|31
LdbcSnbBiQuery20HighLevelTopics|1515865691402|1515867454742|383|3|31
LdbcSnbBiQuery13PopularMonthlyTags|1515865691402|1515867455126|95|32|31
LdbcSnbBiQuery7AuthoritativeUsers|1515865691402|1515867455222|594625|100|31
LdbcSnbBiQuery14TopThreadInitiators|1515865691402|1515868049848|558|100|31
LdbcSnbBiQuery23HolidayDestinations|1515865691402|1515868050407|102|96|31
LdbcSnbBiQuery14TopThreadInitiators|1515865691402|1515868050510|626|100|32
LdbcSnbBiQuery23HolidayDestinations|1515865691402|1515868051136|21|91|32
LdbcSnbBiQuery22InternationalDialog|1515865691402|1515868051158|3393|30|32
LdbcSnbBiQuery15SocialNormals|1515865691402|1515868054552|18|1|32
LdbcSnbBiQuery2TopTags|1515865691402|1515868054570|44|0|32
LdbcSnbBiQuery1PostingSummary|1515865691402|1515868054615|2527|18|32
LdbcSnbBiQuery12TrendingPosts|1515865691402|1515868057143|585|0|32
LdbcSnbBiQuery17FriendshipTriangles|1515865691402|1515868057729|17|1|32
LdbcSnbBiQuery24MessagesByTopic|1515865691402|1515868057746|69|100|32
LdbcSnbBiQuery8RelatedTopics|1515865691402|1515868057816|57|100|32
LdbcSnbBiQuery10TagPerson|1515865691402|1515868057874|6334|85|32
LdbcSnbBiQuery21Zombies|1515865691402|1515868064208|60|3|32
LdbcSnbBiQuery9RelatedForums|1515865691402|1515868064268|367|1|32
LdbcSnbBiQuery18PersonPostCounts|1515865691402|1515868064636|3060|222|32
LdbcSnbBiQuery5TopCountryPosters|1515865691402|1515868067697|5930|100|32
LdbcSnbBiQuery7AuthoritativeUsers|1515865691402|1515868073627|2351|100|32
LdbcSnbBiQuery3TagEvolution|1515865691402|1515868075979|1966|100|32
LdbcSnbBiQuery4PopularCountryTopics|1515865691402|1515868077946|6|6|32
LdbcSnbBiQuery11UnrelatedReplies|1515865691402|1515868077953|277|100|32
LdbcSnbBiQuery13PopularMonthlyTags|1515865691402|1515868078230|53|30|32
LdbcSnbBiQuery6ActivePosters|1515865691402|1515868078284|62|100|32
LdbcSnbBiQuery20HighLevelTopics|1515865691402|1515868078347|1120|6|32
LdbcSnbBiQuery6ActivePosters|1515865691402|1515868079467|38|100|33
LdbcSnbBiQuery20HighLevelTopics|1515865691402|1515868079506|294|3|33
LdbcSnbBiQuery9RelatedForums|1515865691402|1515868079800|362|4|33
LdbcSnbBiQuery12TrendingPosts|1515865691402|1515868080163|623|0|33
LdbcSnbBiQuery22InternationalDialog|1515865691402|1515868080787|3566|30|33
LdbcSnbBiQuery14TopThreadInitiators|1515865691402|1515868084354|480|100|33
LdbcSnbBiQuery23HolidayDestinations|1515865691402|1515868084834|27|100|33
LdbcSnbBiQuery1PostingSummary|1515865691402|1515868084861|2501|18|33
LdbcSnbBiQuery15SocialNormals|1515865691402|1515868087363|18|4|33
LdbcSnbBiQuery2TopTags|1515865691402|1515868087382|44|0|33
LdbcSnbBiQuery21Zombies|1515865691402|1515868087426|61|3|33
LdbcSnbBiQuery8RelatedTopics|1515865691402|1515868087488|36|100|33
LdbcSnbBiQuery17FriendshipTriangles|1515865691402|1515868087524|18|1|33
LdbcSnbBiQuery24MessagesByTopic|1515865691402|1515868087543|1035|100|33
LdbcSnbBiQuery10TagPerson|1515865691402|1515868088579|5772|85|33
LdbcSnbBiQuery13PopularMonthlyTags|1515865691402|1515868094351|86|33|33
LdbcSnbBiQuery7AuthoritativeUsers|1515865691402|1515868094438|10286|100|33
LdbcSnbBiQuery18PersonPostCounts|1515865691402|1515868104724|2906|222|33
LdbcSnbBiQuery5TopCountryPosters|1515865691402|1515868107631|5146|100|33
LdbcSnbBiQuery11UnrelatedReplies|1515865691402|1515868112777|444|100|33
LdbcSnbBiQuery3TagEvolution|1515865691402|1515868113222|2117|100|33
LdbcSnbBiQuery4PopularCountryTopics|1515865691402|1515868115340|9|10|33
LdbcSnbBiQuery3TagEvolution|1515865691402|1515868115350|2165|100|34
LdbcSnbBiQuery4PopularCountryTopics|1515865691402|1515868117515|8|9|34
LdbcSnbBiQuery17FriendshipTriangles|1515865691402|1515868117524|12|1|34
LdbcSnbBiQuery23HolidayDestinations|1515865691402|1515868117536|27|63|34
LdbcSnbBiQuery9RelatedForums|1515865691402|1515868117564|288|1|34
LdbcSnbBiQuery6ActivePosters|1515865691402|1515868117853|33|100|34
LdbcSnbBiQuery20HighLevelTopics|1515865691402|1515868117886|446|3|34
LdbcSnbBiQuery14TopThreadInitiators|1515865691402|1515868118333|463|100|34
LdbcSnbBiQuery12TrendingPosts|1515865691402|1515868118796|976|0|34
LdbcSnbBiQuery22InternationalDialog|1515865691402|1515868119773|3433|30|34
LdbcSnbBiQuery8RelatedTopics|1515865691402|1515868123207|41|100|34
LdbcSnbBiQuery2TopTags|1515865691402|1515868123248|35|0|34
LdbcSnbBiQuery1PostingSummary|1515865691402|1515868123284|1886|12|34
LdbcSnbBiQuery15SocialNormals|1515865691402|1515868125170|19|0|34
LdbcSnbBiQuery21Zombies|1515865691402|1515868125190|40|1|34
LdbcSnbBiQuery11UnrelatedReplies|1515865691402|1515868125231|191|100|34
LdbcSnbBiQuery13PopularMonthlyTags|1515865691402|1515868125422|53|32|34
LdbcSnbBiQuery24MessagesByTopic|1515865691402|1515868125476|901|100|34
LdbcSnbBiQuery10TagPerson|1515865691402|1515868126378|14167|100|34
LdbcSnbBiQuery5TopCountryPosters|1515865691402|1515868140546|2666|100|34
LdbcSnbBiQuery7AuthoritativeUsers|1515865691402|1515868143212|976|100|34
LdbcSnbBiQuery18PersonPostCounts|1515865691402|1515868144188|1485|222|34
LdbcSnbBiQuery7AuthoritativeUsers|1515865691402|1515868145674|14241|100|35
LdbcSnbBiQuery18PersonPostCounts|1515865691402|1515868159915|1567|222|35
LdbcSnbBiQuery1PostingSummary|1515865691402|1515868161482|1990|12|35
LdbcSnbBiQuery20HighLevelTopics|1515865691402|1515868163473|1354|6|35
LdbcSnbBiQuery17FriendshipTriangles|1515865691402|1515868164828|11|1|35
LdbcSnbBiQuery3TagEvolution|1515865691402|1515868164840|2148|100|35
LdbcSnbBiQuery4PopularCountryTopics|1515865691402|1515868166988|13|9|35
LdbcSnbBiQuery6ActivePosters|1515865691402|1515868167002|78|100|35
LdbcSnbBiQuery23HolidayDestinations|1515865691402|1515868167080|26|59|35
LdbcSnbBiQuery9RelatedForums|1515865691402|1515868167106|341|4|35
LdbcSnbBiQuery2TopTags|1515865691402|1515868167448|38|0|35
LdbcSnbBiQuery22InternationalDialog|1515865691402|1515868167487|1997|29|35
LdbcSnbBiQuery14TopThreadInitiators|1515865691402|1515868169485|486|100|35
LdbcSnbBiQuery12TrendingPosts|1515865691402|1515868169971|862|0|35
LdbcSnbBiQuery8RelatedTopics|1515865691402|1515868170833|43|100|35
LdbcSnbBiQuery5TopCountryPosters|1515865691402|1515868170877|6757|100|35
LdbcSnbBiQuery11UnrelatedReplies|1515865691402|1515868177634|267|100|35
LdbcSnbBiQuery15SocialNormals|1515865691402|1515868177902|19|0|35
LdbcSnbBiQuery21Zombies|1515865691402|1515868177922|47|3|35
LdbcSnbBiQuery10TagPerson|1515865691402|1515868177969|14678|100|35
LdbcSnbBiQuery13PopularMonthlyTags|1515865691402|1515868192647|49|30|35
LdbcSnbBiQuery24MessagesByTopic|1515865691402|1515868192697|917|100|35
LdbcSnbBiQuery13PopularMonthlyTags|1515865691402|1515868193615|73|29|36
LdbcSnbBiQuery24MessagesByTopic|1515865691402|1515868193688|984|100|36
LdbcSnbBiQuery14TopThreadInitiators|1515865691402|1515868194673|447|100|36
LdbcSnbBiQuery4PopularCountryTopics|1515865691402|1515868195120|17|9|36
LdbcSnbBiQuery1PostingSummary|1515865691402|1515868195138|2172|12|36
LdbcSnbBiQuery7AuthoritativeUsers|1515865691402|1515868197310|8511|100|36
LdbcSnbBiQuery18PersonPostCounts|1515865691402|1515868205822|1568|222|36
LdbcSnbBiQuery3TagEvolution|1515865691402|1515868207390|2088|100|36
LdbcSnbBiQuery20HighLevelTopics|1515865691402|1515868209479|537|3|36
LdbcSnbBiQuery17FriendshipTriangles|1515865691402|1515868210016|22|1|36
LdbcSnbBiQuery22InternationalDialog|1515865691402|1515868210039|3715|29|36
LdbcSnbBiQuery9RelatedForums|1515865691402|1515868213754|366|1|36
LdbcSnbBiQuery6ActivePosters|1515865691402|1515868214120|43|100|36
LdbcSnbBiQuery23HolidayDestinations|1515865691402|1515868214164|21|48|36
LdbcSnbBiQuery2TopTags|1515865691402|1515868214185|40|0|36
LdbcSnbBiQuery10TagPerson|1515865691402|1515868214226|14036|100|36
LdbcSnbBiQuery5TopCountryPosters|1515865691402|1515868228263|3872|100|36
LdbcSnbBiQuery12TrendingPosts|1515865691402|1515868232135|811|0|36
LdbcSnbBiQuery8RelatedTopics|1515865691402|1515868232947|52|100|36
LdbcSnbBiQuery21Zombies|1515865691402|1515868233000|46|2|36
LdbcSnbBiQuery11UnrelatedReplies|1515865691402|1515868233047|246|100|36
LdbcSnbBiQuery15SocialNormals|1515865691402|1515868233294|17|1|36
LdbcSnbBiQuery11UnrelatedReplies|1515865691402|1515868233311|220|100|37
LdbcSnbBiQuery15SocialNormals|1515865691402|1515868233531|17|1|37
LdbcSnbBiQuery6ActivePosters|1515865691402|1515868233549|74|100|37
LdbcSnbBiQuery18PersonPostCounts|1515865691402|1515868233624|1533|222|37
LdbcSnbBiQuery14TopThreadInitiators|1515865691402|1515868235158|456|100|37
LdbcSnbBiQuery13PopularMonthlyTags|1515865691402|1515868235615|45|30|37
LdbcSnbBiQuery24MessagesByTopic|1515865691402|1515868235660|730|100|37
LdbcSnbBiQuery7AuthoritativeUsers|1515865691402|1515868236391|4548|100|37
LdbcSnbBiQuery4PopularCountryTopics|1515865691402|1515868240940|16|11|37
LdbcSnbBiQuery1PostingSummary|1515865691402|1515868240956|1994|12|37
LdbcSnbBiQuery9RelatedForums|1515865691402|1515868242951|283|2|37
LdbcSnbBiQuery17FriendshipTriangles|1515865691402|1515868243235|16|1|37
LdbcSnbBiQuery3TagEvolution|1515865691402|1515868243251|1938|100|37
LdbcSnbBiQuery20HighLevelTopics|1515865691402|1515868245190|406|3|37
LdbcSnbBiQuery22InternationalDialog|1515865691402|1515868245596|2113|29|37
LdbcSnbBiQuery21Zombies|1515865691402|1515868247710|66|1|37
LdbcSnbBiQuery10TagPerson|1515865691402|1515868247777|13638|100|37
LdbcSnbBiQuery23HolidayDestinations|1515865691402|1515868261416|18|88|37
LdbcSnbBiQuery2TopTags|1515865691402|1515868261435|38|0|37
LdbcSnbBiQuery8RelatedTopics|1515865691402|1515868261473|34|100|37
LdbcSnbBiQuery5TopCountryPosters|1515865691402|1515868261509|3491|100|37
LdbcSnbBiQuery12TrendingPosts|1515865691402|1515868265001|890|0|37
LdbcSnbBiQuery5TopCountryPosters|1515865691402|1515868265891|5134|100|38
LdbcSnbBiQuery12TrendingPosts|1515865691402|1515868271026|1597|0|38
LdbcSnbBiQuery3TagEvolution|1515865691402|1515868272623|2164|100|38
LdbcSnbBiQuery24MessagesByTopic|1515865691402|1515868274787|609|100|38
LdbcSnbBiQuery6ActivePosters|1515865691402|1515868275397|31|100|38
LdbcSnbBiQuery11UnrelatedReplies|1515865691402|1515868275428|260|100|38
LdbcSnbBiQuery15SocialNormals|1515865691402|1515868275689|19|0|38
LdbcSnbBiQuery13PopularMonthlyTags|1515865691402|1515868275709|85|32|38
LdbcSnbBiQuery18PersonPostCounts|1515865691402|1515868275794|2933|318|38
LdbcSnbBiQuery14TopThreadInitiators|1515865691402|1515868278728|450|100|38
LdbcSnbBiQuery17FriendshipTriangles|1515865691402|1515868279179|28|1|38
LdbcSnbBiQuery1PostingSummary|1515865691402|1515868279207|2018|12|38