operation_type|scheduled_start_time_MILLISECONDS|actual_start_time_MILLISECONDS|execution_duration_MILLISECONDS|result_code
LdbcUpdate8AddFriendship|1422797573741|1422797573900|1408|0
LdbcUpdate8AddFriendship|1422797573741|1422797575309|100|0
LdbcUpdate5AddForumMembership|1422797573742|1422797575410|30|0
LdbcUpdate5AddForumMembership|1422797573742|1422797575441|1|0
LdbcUpdate5AddForumMembership|1422797573758|1422797575442|151|0
LdbcUpdate5AddForumMembership|1422797573760|1422797575594|5|0
LdbcUpdate5AddForumMembership|1422797573766|1422797575600|1|0
LdbcUpdate5AddForumMembership|1422797573780|1422797575602|46|0
LdbcUpdate7AddComment|1422797573781|1422797575648|554|0
LdbcUpdate7AddComment|1422797573794|1422797576203|34|0
LdbcUpdate5AddForumMembership|1422797573811|1422797576238|3|0
LdbcUpdate3AddCommentLike|1422797573814|1422797576242|36|0
LdbcUpdate5AddForumMembership|1422797573816|1422797576278|1|0
LdbcUpdate5AddForumMembership|1422797573820|1422797576279|1|0
LdbcUpdate2AddPostLike|1422797573836|1422797576281|1|0
LdbcUpdate5AddForumMembership|1422797573855|1422797576283|1|0
LdbcUpdate5AddForumMembership|1422797573860|1422797576284|1|0
LdbcUpdate7AddComment|1422797573876|1422797576285|22|0
LdbcUpdate2AddPostLike|1422797573886|1422797576308|1|0
LdbcUpdate5AddForumMembership|1422797573896|1422797576309|0|0
LdbcUpdate5AddForumMembership|1422797573936|1422797576310|61|0
LdbcQuery7|1422797574601|1422797574602|1774|0
LdbcUpdate3AddCommentLike|1422797573941|1422797576372|30|0
LdbcUpdate5AddForumMembership|1422797573969|1422797576402|1|0
LdbcUpdate8AddFriendship|1422797573979|1422797576403|0|0
LdbcUpdate8AddFriendship|1422797573979|1422797576404|41|0
LdbcUpdate5AddForumMembership|1422797573980|1422797576446|2|0
LdbcUpdate5AddForumMembership|1422797573980|1422797576448|1|0
LdbcUpdate2AddPostLike|1422797573981|1422797576450|1|0
LdbcUpdate5AddForumMembership|1422797573991|1422797576452|1|0
LdbcUpdate5AddForumMembership|1422797573997|1422797576454|1|0
LdbcUpdate5AddForumMembership|1422797574012|1422797576455|0|0
LdbcUpdate5AddForumMembership|1422797574013|1422797576456|1|0
LdbcUpdate5AddForumMembership|1422797574030|1422797576457|1|0
LdbcUpdate5AddForumMembership|1422797574040|1422797576459|1|0
LdbcUpdate7AddComment|1422797574062|1422797576461|4|0
LdbcUpdate5AddForumMembership|1422797574070|1422797576466|1|0
LdbcUpdate5AddForumMembership|1422797574076|1422797576467|1|0
LdbcUpdate7AddComment|1422797574123|1422797576469|136|0
LdbcUpdate5AddForumMembership|1422797574132|1422797576605|0|0
LdbcUpdate3AddCommentLike|1422797574133|1422797576606|26|0
LdbcUpdate7AddComment|1422797574137|1422797576633|240|0
LdbcUpdate5AddForumMembership|1422797574154|1422797576873|1|0
LdbcUpdate7AddComment|1422797574155|1422797576875|5|0
LdbcUpdate7AddComment|1422797574159|1422797576880|2|0
LdbcUpdate1AddPerson|1422797576228|1422797576237|712|0
LdbcUpdate2AddPostLike|1422797574161|1422797576883|152|0
LdbcUpdate2AddPostLike|1422797574166|1422797577035|0|0
LdbcUpdate7AddComment|1422797574167|1422797577036|479|0
LdbcUpdate5AddForumMembership|1422797574197|1422797577516|155|0
LdbcUpdate3AddCommentLike|1422797574230|1422797577672|0|0
LdbcUpdate2AddPostLike|1422797574281|1422797577673|1|0
LdbcUpdate5AddForumMembership|1422797574286|1422797577674|3|0
LdbcUpdate8AddFriendship|1422797574287|1422797577678|0|0
LdbcUpdate8AddFriendship|1422797574287|1422797577678|1|0
LdbcUpdate5AddForumMembership|1422797574288|1422797577679|0|0
LdbcUpdate5AddForumMembership|1422797574288|1422797577680|0|0
LdbcUpdate3AddCommentLike|1422797574289|1422797577681|0|0
LdbcUpdate5AddForumMembership|1422797574294|1422797577681|0|0
LdbcUpdate5AddForumMembership|1422797574303|1422797577682|25|0
LdbcUpdate2AddPostLike|1422797574305|1422797577708|9|0
LdbcUpdate5AddForumMembership|1422797574307|1422797577717|14|0
LdbcUpdate7AddComment|1422797574345|1422797577732|19|0
LdbcUpdate3AddCommentLike|1422797574348|1422797577751|49|0
LdbcUpdate7AddComment|1422797574364|1422797577800|2|0
LdbcUpdate3AddCommentLike|1422797574379|1422797577803|0|0
LdbcUpdate4AddForum|1422797574384|1422797577803|442|0
LdbcUpdate6AddPost|1422797574386|1422797578247|18|0
LdbcUpdate6AddPost|1422797574386|1422797578265|1|0
LdbcUpdate6AddPost|1422797574386|1422797578267|1|0
LdbcUpdate6AddPost|1422797574386|1422797578269|1|0
LdbcUpdate6AddPost|1422797574386|1422797578270|1|0
LdbcUpdate6AddPost|1422797574386|1422797578272|1|0
LdbcUpdate6AddPost|1422797574386|1422797578273|1|0
LdbcUpdate5AddForumMembership|1422797574389|1422797578274|0|0
LdbcUpdate2AddPostLike|1422797574400|1422797578275|0|0
LdbcUpdate3AddCommentLike|1422797574400|1422797578276|0|0
LdbcUpdate8AddFriendship|1422797574409|1422797578276|0|0
LdbcUpdate8AddFriendship|1422797574409|1422797578277|0|0
LdbcUpdate5AddForumMembership|1422797574410|1422797578278|0|0
LdbcUpdate5AddForumMembership|1422797574410|1422797578278|0|0
LdbcUpdate5AddForumMembership|1422797574425|1422797578279|0|0
LdbcUpdate5AddForumMembership|1422797574429|1422797578279|0|0
LdbcUpdate3AddCommentLike|1422797574437|1422797578280|0|0
LdbcUpdate2AddPostLike|1422797574440|1422797578281|1|0
LdbcUpdate7AddComment|1422797574442|1422797578283|193|0
LdbcUpdate3AddCommentLike|1422797574446|1422797578476|0|0
LdbcUpdate5AddForumMembership|1422797574460|1422797578477|0|0
LdbcUpdate2AddPostLike|1422797574478|1422797578477|0|0
LdbcUpdate7AddComment|1422797574497|1422797578478|1|0
LdbcUpdate5AddForumMembership|1422797574501|1422797578480|0|0
LdbcUpdate7AddComment|1422797574503|1422797578481|1|0
LdbcUpdate2AddPostLike|1422797574530|1422797578482|95|0
LdbcUpdate7AddComment|1422797574531|1422797578578|2|0
LdbcUpdate3AddCommentLike|1422797574539|1422797578580|0|0
LdbcUpdate2AddPostLike|1422797574546|1422797578581|0|0
LdbcUpdate5AddForumMembership|1422797574550|1422797578582|1|0
LdbcUpdate3AddCommentLike|1422797574567|1422797578583|0|0
LdbcUpdate5AddForumMembership|1422797574600|1422797578584|4|0
LdbcUpdate2AddPostLike|1422797574605|1422797578589|0|0
LdbcUpdate5AddForumMembership|1422797574657|1422797578590|0|0
LdbcUpdate5AddForumMembership|1422797574661|1422797578591|0|0
LdbcUpdate5AddForumMembership|1422797574675|1422797578592|0|0
LdbcUpdate4AddForum|1422797574677|1422797578592|1|0
LdbcUpdate6AddPost|1422797574678|1422797578594|1|0
LdbcUpdate6AddPost|1422797574678|1422797578595|9|0
LdbcUpdate8AddFriendship|1422797574694|1422797578605|0|0
LdbcUpdate8AddFriendship|1422797574694|1422797578606|78|0
LdbcUpdate5AddForumMembership|1422797574695|1422797578684|1|0
LdbcUpdate5AddForumMembership|1422797574695|1422797578685|0|0
LdbcUpdate3AddCommentLike|1422797574697|1422797578686|0|0
LdbcUpdate5AddForumMembership|1422797574714|1422797578687|0|0
LdbcUpdate2AddPostLike|1422797574741|1422797578688|3|0
LdbcUpdate7AddComment|1422797574745|1422797578692|2|0
LdbcUpdate5AddForumMembership|1422797574754|1422797578694|0|0
LdbcUpdate7AddComment|1422797574789|1422797578695|1|0
LdbcUpdate8AddFriendship|1422797574817|1422797578696|0|0
LdbcUpdate8AddFriendship|1422797574817|1422797578697|0|0
LdbcUpdate5AddForumMembership|1422797574818|1422797578698|1|0
LdbcUpdate5AddForumMembership|1422797574818|1422797578700|12|0
LdbcUpdate5AddForumMembership|1422797574839|1422797578713|0|0
LdbcUpdate5AddForumMembership|1422797574844|1422797578713|135|0
LdbcUpdate4AddForum|1422797574860|1422797578849|1|0
LdbcUpdate6AddPost|1422797574861|1422797578850|195|0
LdbcUpdate6AddPost|1422797574861|1422797579046|1|0
LdbcUpdate6AddPost|1422797574861|1422797579047|1|0
LdbcUpdate6AddPost|1422797574861|1422797579048|1|0
LdbcUpdate6AddPost|1422797574861|1422797579050|1|0
LdbcUpdate6AddPost|1422797574861|1422797579051|1|0
LdbcUpdate6AddPost|1422797574862|1422797579052|1|0
LdbcUpdate6AddPost|1422797574862|1422797579054|1|0
LdbcUpdate6AddPost|1422797574862|1422797579055|1|0
LdbcUpdate2AddPostLike|1422797574876|1422797579057|0|0
LdbcUpdate3AddCommentLike|1422797574907|1422797579057|3|0
LdbcUpdate5AddForumMembership|1422797574916|1422797579060|0|0
LdbcUpdate5AddForumMembership|1422797574926|1422797579061|0|0
LdbcUpdate2AddPostLike|1422797574935|1422797579062|0|0
LdbcUpdate5AddForumMembership|1422797574954|1422797579062|0|0
LdbcUpdate2AddPostLike|1422797574981|1422797579063|4|0
LdbcUpdate5AddForumMembership|1422797574984|1422797579067|0|0
LdbcUpdate8AddFriendship|1422797574998|1422797579068|0|0
LdbcUpdate8AddFriendship|1422797574998|1422797579068|6|0
LdbcUpdate5AddForumMembership|1422797574999|1422797579075|0|0
LdbcUpdate5AddForumMembership|1422797574999|1422797579076|0|0
LdbcUpdate7AddComment|1422797575002|1422797579077|2|0
LdbcUpdate2AddPostLike|1422797575004|1422797579079|1|0
LdbcUpdate3AddCommentLike|1422797575029|1422797579081|0|0
LdbcUpdate5AddForumMembership|1422797575031|1422797579081|0|0
LdbcUpdate4AddForum|1422797575037|1422797579082|1|0
LdbcUpdate6AddPost|1422797575038|1422797579084|3|0
LdbcUpdate6AddPost|1422797575038|1422797579088|1|0
LdbcUpdate6AddPost|1422797575038|1422797579089|2|0
LdbcUpdate6AddPost|1422797575038|1422797579092|1|0
LdbcUpdate6AddPost|1422797575038|1422797579093|2|0
LdbcUpdate6AddPost|1422797575038|1422797579096|1|0
LdbcUpdate6AddPost|1422797575038|1422797579097|1|0
LdbcQuery8|1422797574983|1422797574983|4118|0
LdbcUpdate6AddPost|1422797575038|1422797579099|2|0
LdbcUpdate6AddPost|1422797575038|1422797579101|1|0
LdbcUpdate6AddPost|1422797575039|1422797579103|3|0
LdbcUpdate6AddPost|1422797575039|1422797579106|1|0
LdbcUpdate6AddPost|1422797575039|1422797579107|1|0
LdbcUpdate6AddPost|1422797575039|1422797579108|1|0
LdbcUpdate6AddPost|1422797575039|1422797579110|1|0
LdbcUpdate2AddPostLike|1422797575059|1422797579111|0|0
LdbcUpdate5AddForumMembership|1422797575073|1422797579111|0|0
LdbcUpdate3AddCommentLike|1422797575122|1422797579112|0|0
LdbcUpdate2AddPostLike|1422797575127|1422797579113|0|0
LdbcUpdate5AddForumMembership|1422797575136|1422797579113|1|0
LdbcUpdate5AddForumMembership|1422797575138|1422797579114|0|0
LdbcUpdate5AddForumMembership|1422797575148|1422797579115|0|0
LdbcUpdate2AddPostLike|1422797575169|1422797579116|0|0
LdbcUpdate5AddForumMembership|1422797575169|1422797579116|0|0
LdbcUpdate5AddForumMembership|1422797575190|1422797579117|0|0
LdbcUpdate5AddForumMembership|1422797575195|1422797579118|0|0
LdbcUpdate8AddFriendship|1422797575209|1422797579118|0|0
LdbcUpdate8AddFriendship|1422797575209|1422797579119|1|0
LdbcUpdate5AddForumMembership|1422797575210|1422797579120|0|0
LdbcUpdate5AddForumMembership|1422797575210|1422797579121|0|0
LdbcUpdate5AddForumMembership|1422797575213|1422797579121|0|0
LdbcUpdate7AddComment|1422797575232|1422797579122|1|0
LdbcUpdate7AddComment|1422797575248|1422797579124|1|0
LdbcUpdate2AddPostLike|1422797575311|1422797579125|0|0
LdbcUpdate2AddPostLike|1422797575321|1422797579125|0|0
LdbcUpdate5AddForumMembership|1422797575370|1422797579126|0|0
LdbcUpdate5AddForumMembership|1422797575375|1422797579127|0|0
LdbcUpdate2AddPostLike|1422797575381|1422797579127|14|0
LdbcUpdate2AddPostLike|1422797575420|1422797579142|0|0
LdbcUpdate5AddForumMembership|1422797575422|1422797579143|0|0
LdbcUpdate7AddComment|1422797575446|1422797579143|0|0
LdbcUpdate5AddForumMembership|1422797575480|1422797579144|0|0
LdbcUpdate5AddForumMembership|1422797575484|1422797579145|0|0
LdbcUpdate3AddCommentLike|1422797575487|1422797579145|0|0
LdbcUpdate3AddCommentLike|1422797575498|1422797579146|0|0
LdbcUpdate7AddComment|1422797575505|1422797579146|1|0
LdbcUpdate5AddForumMembership|1422797575507|1422797579147|0|0
LdbcUpdate5AddForumMembership|1422797575543|1422797579148|0|0
LdbcUpdate7AddComment|1422797575558|1422797579148|1|0
LdbcUpdate4AddForum|1422797575566|1422797579150|1|0
LdbcUpdate6AddPost|1422797575567|1422797579151|5|0
LdbcUpdate6AddPost|1422797575567|1422797579157|1|0
LdbcUpdate6AddPost|1422797575568|1422797579158|1|0
LdbcUpdate6AddPost|1422797575568|1422797579160|2|0
LdbcUpdate6AddPost|1422797575568|1422797579162|1|0
LdbcUpdate6AddPost|1422797575568|1422797579163|1|0
LdbcQuery13|1422797574762|1422797574762|4409|0
LdbcUpdate6AddPost|1422797575568|1422797579165|9|0
LdbcUpdate6AddPost|1422797575568|1422797579174|1|0
LdbcUpdate6AddPost|1422797575568|1422797579175|1|0
LdbcUpdate6AddPost|1422797575568|1422797579214|2|0
LdbcUpdate6AddPost|1422797575568|1422797579216|1|0
LdbcUpdate6AddPost|1422797575568|1422797579217|2|0
LdbcUpdate6AddPost|1422797575569|1422797579220|11|0
LdbcUpdate6AddPost|1422797575569|1422797579231|1|0
LdbcUpdate6AddPost|1422797575569|1422797579232|1|0
LdbcUpdate6AddPost|1422797575569|1422797579234|1|0
LdbcUpdate6AddPost|1422797575569|1422797579235|5|0
LdbcUpdate6AddPost|1422797575569|1422797579240|1|0
LdbcUpdate6AddPost|1422797575569|1422797579242|1|0
LdbcUpdate3AddCommentLike|1422797575570|1422797579243|0|0
LdbcUpdate2AddPostLike|1422797575572|1422797579244|0|0
LdbcUpdate5AddForumMembership|1422797575590|1422797579244|0|0
LdbcUpdate2AddPostLike|1422797575622|1422797579245|0|0
LdbcUpdate2AddPostLike|1422797575648|1422797579246|0|0
LdbcUpdate3AddCommentLike|1422797575659|1422797579246|1|0
LdbcUpdate5AddForumMembership|1422797575675|1422797579248|0|0
LdbcUpdate8AddFriendship|1422797575679|1422797579248|0|0
LdbcUpdate8AddFriendship|1422797575679|1422797579249|1|0
LdbcUpdate5AddForumMembership|1422797575680|1422797579250|0|0
LdbcUpdate5AddForumMembership|1422797575680|1422797579251|0|0
LdbcUpdate4AddForum|1422797575699|1422797579251|78|0
LdbcUpdate6AddPost|1422797575700|1422797579330|1|0
LdbcUpdate2AddPostLike|1422797575711|1422797579332|0|0
LdbcUpdate3AddCommentLike|1422797575732|1422797579332|0|0
LdbcUpdate7AddComment|1422797575738|1422797579333|2|0
LdbcUpdate5AddForumMembership|1422797575770|1422797579336|0|0
LdbcUpdate2AddPostLike|1422797575794|1422797579337|0|0
LdbcUpdate5AddForumMembership|1422797575805|1422797579337|0|0
LdbcUpdate5AddForumMembership|1422797575816|1422797579338|0|0
LdbcUpdate5AddForumMembership|1422797575833|1422797579338|0|0
LdbcUpdate2AddPostLike|1422797575845|1422797579339|0|0
LdbcUpdate3AddCommentLike|1422797575852|1422797579339|0|0
LdbcUpdate2AddPostLike|1422797575861|1422797579340|0|0
LdbcUpdate5AddForumMembership|1422797575864|1422797579341|0|0
LdbcUpdate2AddPostLike|1422797575895|1422797579341|0|0
LdbcUpdate5AddForumMembership|1422797575895|1422797579342|0|0
LdbcUpdate7AddComment|1422797575912|1422797579342|1|0
LdbcUpdate7AddComment|1422797575918|1422797579343|1|0
LdbcUpdate2AddPostLike|1422797575932|1422797579345|1|0
LdbcUpdate7AddComment|1422797575959|1422797579347|1|0
LdbcUpdate2AddPostLike|1422797576006|1422797579349|0|0
LdbcUpdate2AddPostLike|1422797576010|1422797579350|0|0
LdbcUpdate2AddPostLike|1422797576030|1422797579350|0|0
LdbcUpdate2AddPostLike|1422797576037|1422797579351|0|0
LdbcUpdate3AddCommentLike|1422797576055|1422797579352|0|0
LdbcUpdate3AddCommentLike|1422797576088|1422797579352|0|0
LdbcUpdate7AddComment|1422797576090|1422797579354|1|0
LdbcUpdate5AddForumMembership|1422797576101|1422797579355|0|0
LdbcUpdate5AddForumMembership|1422797576139|1422797579356|0|0
LdbcUpdate5AddForumMembership|1422797576141|1422797579356|0|0
LdbcUpdate3AddCommentLike|1422797576146|1422797579357|0|0
LdbcUpdate2AddPostLike|1422797576166|1422797579358|0|0
LdbcUpdate5AddForumMembership|1422797576167|1422797579358|0|0
LdbcUpdate5AddForumMembership|1422797576179|1422797579359|0|0
LdbcUpdate5AddForumMembership|1422797576185|1422797579359|0|0
LdbcUpdate5AddForumMembership|1422797576189|1422797579360|0|0
LdbcUpdate2AddPostLike|1422797576195|1422797579360|0|0
LdbcUpdate5AddForumMembership|1422797576200|1422797579361|0|0
LdbcUpdate2AddPostLike|1422797576212|1422797579361|2|0
LdbcUpdate5AddForumMembership|1422797576212|1422797579364|0|0
LdbcUpdate4AddForum|1422797576229|1422797579364|20|0
LdbcUpdate1AddPerson|1422797579036|1422797579036|494|0
LdbcUpdate2AddPostLike|1422797576230|1422797579385|203|0
LdbcUpdate5AddForumMembership|1422797576241|1422797579589|0|0
LdbcUpdate5AddForumMembership|1422797576242|1422797579589|0|0
LdbcUpdate2AddPostLike|1422797576290|1422797579590|0|0
LdbcUpdate3AddCommentLike|1422797576296|1422797579590|0|0
LdbcQuery8|1422797574750|1422797574765|4856|0
LdbcUpdate5AddForumMembership|1422797576300|1422797579591|36|0
LdbcUpdate5AddForumMembership|1422797576303|1422797579628|0|0
LdbcUpdate5AddForumMembership|1422797576304|1422797579628|0|0
LdbcUpdate3AddCommentLike|1422797576311|1422797579629|0|0
LdbcUpdate2AddPostLike|1422797576326|1422797579630|0|0
LdbcUpdate2AddPostLike|1422797576343|1422797579630|0|0
LdbcUpdate5AddForumMembership|1422797576355|1422797579631|0|0
LdbcUpdate5AddForumMembership|1422797576369|1422797579632|0|0
LdbcQuery8|1422797574052|1422797574092|5543|0
LdbcUpdate7AddComment|1422797576372|1422797579632|13|0
LdbcUpdate5AddForumMembership|1422797576397|1422797579646|0|0
LdbcUpdate8AddFriendship|1422797576410|1422797579646|0|0
LdbcUpdate8AddFriendship|1422797576410|1422797579647|0|0
LdbcUpdate5AddForumMembership|1422797576411|1422797579648|0|0
LdbcUpdate5AddForumMembership|1422797576411|1422797579648|0|0
LdbcUpdate5AddForumMembership|1422797576413|1422797579649|0|0
LdbcUpdate2AddPostLike|1422797576423|1422797579649|0|0
LdbcUpdate2AddPostLike|1422797576426|1422797579650|0|0
LdbcUpdate5AddForumMembership|1422797576440|1422797579651|0|0
LdbcUpdate2AddPostLike|1422797576447|1422797579651|0|0
LdbcUpdate5AddForumMembership|1422797576452|1422797579652|0|0
LdbcUpdate7AddComment|1422797576494|1422797579652|6|0
LdbcUpdate5AddForumMembership|1422797576549|1422797579658|0|0
LdbcUpdate5AddForumMembership|1422797576574|1422797579659|4|0
LdbcUpdate7AddComment|1422797576631|1422797579663|4|0
LdbcUpdate5AddForumMembership|1422797576634|1422797579668|0|0
LdbcUpdate5AddForumMembership|1422797576643|1422797579668|0|0
LdbcUpdate5AddForumMembership|1422797576652|1422797579669|0|0
LdbcUpdate5AddForumMembership|1422797576667|1422797579669|0|0
LdbcUpdate7AddComment|1422797576674|1422797579670|1|0
LdbcUpdate2AddPostLike|1422797576685|1422797579671|3|0
LdbcUpdate5AddForumMembership|1422797576745|1422797579675|0|0
LdbcUpdate5AddForumMembership|1422797576768|1422797579676|0|0
LdbcUpdate7AddComment|1422797576802|1422797579677|1|0
LdbcUpdate3AddCommentLike|1422797576809|1422797579678|0|0
LdbcUpdate4AddForum|1422797576809|1422797579679|1|0
LdbcUpdate6AddPost|1422797576810|1422797579680|128|0
LdbcUpdate6AddPost|1422797576810|1422797579809|2|0
LdbcUpdate6AddPost|1422797576811|1422797579812|5|0
LdbcUpdate6AddPost|1422797576811|1422797579817|0|0
LdbcUpdate6AddPost|1422797576811|1422797579818|0|0
LdbcUpdate6AddPost|1422797576811|1422797579819|1|0
LdbcUpdate6AddPost|1422797576811|1422797579821|1|0
LdbcUpdate6AddPost|1422797576811|1422797579822|0|0
LdbcUpdate6AddPost|1422797576811|1422797579823|0|0
LdbcUpdate6AddPost|1422797576811|1422797579824|0|0
LdbcUpdate6AddPost|1422797576811|1422797579825|2|0
LdbcUpdate6AddPost|1422797576811|1422797579827|1|0
LdbcUpdate3AddCommentLike|1422797576818|1422797579829|0|0
LdbcUpdate2AddPostLike|1422797576867|1422797579830|0|0
LdbcUpdate2AddPostLike|1422797576877|1422797579830|0|0
LdbcUpdate5AddForumMembership|1422797576908|1422797579831|0|0
LdbcUpdate8AddFriendship|1422797576916|1422797579831|0|0
LdbcUpdate8AddFriendship|1422797576916|1422797579832|0|0
LdbcUpdate5AddForumMembership|1422797576917|1422797579832|0|0
LdbcUpdate5AddForumMembership|1422797576917|1422797579833|3|0
LdbcQuery13|1422797574422|1422797574518|5330|0
LdbcUpdate5AddForumMembership|1422797576917|1422797579880|0|0
LdbcUpdate2AddPostLike|1422797576928|1422797579881|0|0
LdbcUpdate5AddForumMembership|1422797576963|1422797579882|0|0
LdbcUpdate5AddForumMembership|1422797576969|1422797579882|0|0
LdbcUpdate4AddForum|1422797576982|1422797579883|1|0
LdbcUpdate6AddPost|1422797576983|1422797579884|1|0
LdbcUpdate6AddPost|1422797576983|1422797579885|1|0
LdbcUpdate6AddPost|1422797576983|1422797579887|1|0
LdbcUpdate6AddPost|1422797576983|1422797579888|1|0
LdbcUpdate6AddPost|1422797576983|1422797579889|1|0
LdbcUpdate6AddPost|1422797576983|1422797579890|1|0
LdbcUpdate6AddPost|1422797576983|1422797579892|23|0
LdbcUpdate6AddPost|1422797576984|1422797579915|1|0
LdbcUpdate6AddPost|1422797576984|1422797579916|1|0
LdbcUpdate5AddForumMembership|1422797577017|1422797579918|0|0
LdbcQuery8|1422797574595|1422797574629|5346|0
LdbcQuery8|1422797573974|1422797574091|5986|0
LdbcUpdate1AddPerson|1422797579544|1422797579575|551|0
LdbcUpdate5AddForumMembership|1422797577048|1422797579918|221|0
LdbcUpdate3AddCommentLike|1422797577061|1422797580140|2|0
LdbcUpdate5AddForumMembership|1422797577063|1422797580143|0|0
LdbcUpdate2AddPostLike|1422797577108|1422797580144|0|0
LdbcUpdate5AddForumMembership|1422797577114|1422797580144|0|0
LdbcUpdate5AddForumMembership|1422797577123|1422797580145|0|0
LdbcUpdate5AddForumMembership|1422797577126|1422797580145|0|0
LdbcUpdate5AddForumMembership|1422797577147|1422797580146|0|0
LdbcUpdate3AddCommentLike|1422797577151|1422797580146|0|0
LdbcUpdate7AddComment|1422797577181|1422797580147|1|0
LdbcUpdate8AddFriendship|1422797577183|1422797580148|0|0
LdbcUpdate8AddFriendship|1422797577183|1422797580149|0|0
LdbcUpdate5AddForumMembership|1422797577184|1422797580149|0|0
LdbcUpdate5AddForumMembership|1422797577184|1422797580150|0|0
LdbcUpdate3AddCommentLike|1422797577188|1422797580150|0|0
LdbcUpdate5AddForumMembership|1422797577212|1422797580151|0|0
LdbcUpdate5AddForumMembership|1422797577225|1422797580152|32|0
LdbcUpdate5AddForumMembership|1422797577226|1422797580184|0|0
LdbcQuery8|1422797574672|1422797574798|5402|0
LdbcQuery8|1422797575060|1422797579101|1105|0
LdbcQuery8|1422797573897|1422797573912|6297|0
LdbcQuery8|1422797575138|1422797579622|600|0
LdbcQuery8|1422797573819|1422797573905|6326|0
LdbcQuery8|1422797574362|1422797574550|5727|0
LdbcQuery7|1422797575460|1422797580277|6|0
LdbcUpdate5AddForumMembership|1422797577239|1422797580185|140|0
LdbcUpdate5AddForumMembership|1422797577301|1422797580325|0|0
LdbcUpdate5AddForumMembership|1422797577318|1422797580326|0|0
LdbcUpdate5AddForumMembership|1422797577332|1422797580327|0|0
LdbcUpdate8AddFriendship|1422797577339|1422797580328|0|0
LdbcUpdate8AddFriendship|1422797577339|1422797580328|0|0
LdbcUpdate5AddForumMembership|1422797577340|1422797580329|0|0
LdbcUpdate5AddForumMembership|1422797577340|1422797580329|0|0
LdbcUpdate5AddForumMembership|1422797577344|1422797580330|0|0
LdbcUpdate2AddPostLike|1422797577373|1422797580330|0|0
LdbcUpdate8AddFriendship|1422797577412|1422797580331|0|0
LdbcUpdate8AddFriendship|1422797577412|1422797580332|0|0
LdbcUpdate5AddForumMembership|1422797577413|1422797580332|1|0
LdbcUpdate5AddForumMembership|1422797577413|1422797580334|0|0
LdbcUpdate2AddPostLike|1422797577415|1422797580335|0|0
LdbcUpdate5AddForumMembership|1422797577420|1422797580335|0|0
LdbcUpdate5AddForumMembership|1422797577423|1422797580336|0|0
LdbcUpdate8AddFriendship|1422797577439|1422797580336|0|0
LdbcUpdate8AddFriendship|1422797577439|1422797580337|0|0
LdbcUpdate5AddForumMembership|1422797577440|1422797580337|0|0
LdbcUpdate5AddForumMembership|1422797577440|1422797580338|0|0
LdbcUpdate5AddForumMembership|1422797577463|1422797580339|0|0
LdbcQuery8|1422797574440|1422797574473|5876|0
LdbcUpdate5AddForumMembership|1422797577463|1422797580340|20|0
LdbcUpdate7AddComment|1422797577466|1422797580361|5|0
LdbcUpdate2AddPostLike|1422797577491|1422797580366|0|0
LdbcUpdate2AddPostLike|1422797577497|1422797580367|0|0
LdbcUpdate5AddForumMembership|1422797577497|1422797580368|0|0
LdbcUpdate2AddPostLike|1422797577541|1422797580368|2|0
LdbcUpdate8AddFriendship|1422797577556|1422797580371|0|0
LdbcUpdate8AddFriendship|1422797577556|1422797580372|0|0
LdbcUpdate5AddForumMembership|1422797577557|1422797580372|0|0
LdbcUpdate5AddForumMembership|1422797577557|1422797580373|0|0
LdbcQuery13|1422797574082|1422797574295|6125|0
LdbcUpdate5AddForumMembership|1422797577572|1422797580373|54|0
LdbcQuery8|1422797574517|1422797574517|5912|0
LdbcUpdate4AddForum|1422797577578|1422797580428|1|0
LdbcUpdate6AddPost|1422797577580|1422797580430|1|0
LdbcUpdate6AddPost|1422797577580|1422797580431|1|0
LdbcUpdate6AddPost|1422797577580|1422797580433|1|0
LdbcUpdate6AddPost|1422797577580|1422797580434|1|0
LdbcUpdate6AddPost|1422797577580|1422797580436|1|0
LdbcUpdate6AddPost|1422797577580|1422797580438|1|0
LdbcUpdate6AddPost|1422797577580|1422797580439|16|0
LdbcUpdate5AddForumMembership|1422797577601|1422797580455|1|0
LdbcUpdate2AddPostLike|1422797577666|1422797580457|8|0
LdbcUpdate5AddForumMembership|1422797577673|1422797580465|0|0
LdbcQuery8|1422797575293|1422797580077|424|0
LdbcQuery8|1422797575370|1422797580209|322|0
LdbcQuery8|1422797575448|1422797580232|496|0
LdbcQuery8|1422797574207|1422797574329|6401|0
LdbcUpdate5AddForumMembership|1422797577684|1422797580466|265|0
LdbcUpdate5AddForumMembership|1422797577695|1422797580732|0|0
LdbcUpdate5AddForumMembership|1422797577718|1422797580733|0|0
LdbcUpdate5AddForumMembership|1422797577735|1422797580733|0|0
LdbcUpdate2AddPostLike|1422797577736|1422797580734|0|0
LdbcUpdate5AddForumMembership|1422797577759|1422797580734|0|0
LdbcUpdate2AddPostLike|1422797577804|1422797580735|0|0
LdbcUpdate5AddForumMembership|1422797577837|1422797580735|0|0
LdbcUpdate5AddForumMembership|1422797577856|1422797580736|0|0
LdbcUpdate5AddForumMembership|1422797577868|1422797580736|0|0
LdbcUpdate5AddForumMembership|1422797577899|1422797580737|0|0
LdbcUpdate2AddPostLike|1422797577901|1422797580737|0|0
LdbcUpdate5AddForumMembership|1422797577935|1422797580738|0|0
LdbcUpdate5AddForumMembership|1422797577961|1422797580739|0|0
LdbcUpdate5AddForumMembership|1422797577971|1422797580739|0|0
LdbcUpdate7AddComment|1422797578000|1422797580740|1|0
LdbcUpdate5AddForumMembership|1422797578009|1422797580741|0|0
LdbcUpdate7AddComment|1422797578014|1422797580741|1|0
LdbcUpdate7AddComment|1422797578018|1422797580743|1|0
LdbcUpdate5AddForumMembership|1422797578022|1422797580744|0|0
LdbcUpdate5AddForumMembership|1422797578030|1422797580744|0|0
LdbcUpdate5AddForumMembership|1422797578084|1422797580745|0|0
LdbcUpdate2AddPostLike|1422797578117|1422797580745|0|0
LdbcUpdate5AddForumMembership|1422797578136|1422797580746|1|0
LdbcUpdate5AddForumMembership|1422797578149|1422797580748|0|0
LdbcUpdate5AddForumMembership|1422797578160|1422797580749|0|0
LdbcUpdate3AddCommentLike|1422797578165|1422797580749|0|0
LdbcUpdate5AddForumMembership|1422797578179|1422797580750|0|0
LdbcUpdate2AddPostLike|1422797578184|1422797580750|0|0
LdbcUpdate5AddForumMembership|1422797578186|1422797580751|0|0
LdbcUpdate5AddForumMembership|1422797578191|1422797580751|0|0
LdbcUpdate5AddForumMembership|1422797578192|1422797580752|0|0
LdbcUpdate5AddForumMembership|1422797578206|1422797580753|0|0
LdbcUpdate5AddForumMembership|1422797578208|1422797580753|0|0
LdbcUpdate7AddComment|1422797578208|1422797580754|1|0
LdbcUpdate5AddForumMembership|1422797578212|1422797580756|0|0
LdbcQuery8|1422797575215|1422797579975|819|0
LdbcQuery8|1422797575913|1422797580795|11|0
LdbcQuery8|1422797575991|1422797580806|24|0
LdbcQuery8|1422797574284|1422797574329|6519|0
LdbcQuery8|1422797575603|1422797580420|448|0
LdbcUpdate7AddComment|1422797578227|1422797580756|156|0
LdbcUpdate5AddForumMembership|1422797578229|1422797580913|0|0
LdbcUpdate5AddForumMembership|1422797578249|1422797580914|0|0
LdbcUpdate2AddPostLike|1422797578253|1422797580914|0|0
LdbcUpdate8AddFriendship|1422797578257|1422797580915|0|0
LdbcUpdate8AddFriendship|1422797578257|1422797580915|0|0
LdbcUpdate5AddForumMembership|1422797578258|1422797580916|0|0
LdbcUpdate5AddForumMembership|1422797578258|1422797580916|0|0
LdbcUpdate2AddPostLike|1422797578264|1422797580917|0|0
LdbcUpdate5AddForumMembership|1422797578269|1422797580917|0|0
LdbcQuery8|1422797575836|1422797580731|187|0
LdbcUpdate2AddPostLike|1422797578290|1422797580918|0|0
LdbcUpdate5AddForumMembership|1422797578291|1422797580918|0|0
LdbcUpdate7AddComment|1422797578307|1422797580919|1|0
LdbcUpdate5AddForumMembership|1422797578325|1422797580920|0|0
LdbcUpdate5AddForumMembership|1422797578334|1422797580921|1|0
LdbcUpdate5AddForumMembership|1422797578341|1422797580922|0|0
LdbcUpdate5AddForumMembership|1422797578341|1422797580923|1|0
LdbcUpdate5AddForumMembership|1422797578347|1422797580925|0|0
LdbcUpdate2AddPostLike|1422797578401|1422797580925|0|0
LdbcUpdate5AddForumMembership|1422797578430|1422797580926|0|0
LdbcUpdate2AddPostLike|1422797578447|1422797580926|0|0
LdbcUpdate7AddComment|1422797578449|1422797580927|1|0
LdbcUpdate7AddComment|1422797578458|1422797580929|1|0
LdbcUpdate5AddForumMembership|1422797578460|1422797580931|0|0
LdbcUpdate5AddForumMembership|1422797578468|1422797580931|0|0
LdbcUpdate5AddForumMembership|1422797578483|1422797580932|0|0
LdbcUpdate5AddForumMembership|1422797578500|1422797580932|0|0
LdbcUpdate2AddPostLike|1422797578509|1422797580933|0|0
LdbcUpdate5AddForumMembership|1422797578546|1422797580933|0|0
LdbcUpdate8AddFriendship|1422797578558|1422797580934|0|0
LdbcUpdate8AddFriendship|1422797578558|1422797580934|0|0
LdbcUpdate7AddComment|1422797578559|1422797580935|2|0
LdbcUpdate5AddForumMembership|1422797578559|1422797580938|0|0
LdbcUpdate5AddForumMembership|1422797578559|1422797580938|0|0
LdbcUpdate5AddForumMembership|1422797578588|1422797580939|0|0
LdbcUpdate4AddForum|1422797578607|1422797580939|1|0
LdbcUpdate2AddPostLike|1422797578607|1422797580941|0|0
LdbcUpdate6AddPost|1422797578608|1422797580941|1|0
LdbcUpdate6AddPost|1422797578608|1422797580942|1|0
LdbcUpdate6AddPost|1422797578608|1422797580943|13|0
LdbcUpdate5AddForumMembership|1422797578616|1422797580957|0|0
LdbcUpdate5AddForumMembership|1422797578637|1422797580958|0|0
LdbcUpdate5AddForumMembership|1422797578650|1422797580958|0|0
LdbcUpdate8AddFriendship|1422797578650|1422797580959|0|0
LdbcQuery8|1422797574905|1422797574905|6071|0
LdbcQuery8|1422797575525|1422797580349|652|0
LdbcQuery8|1422797574129|1422797574129|6880|0
LdbcQuery8|1422797576224|1422797581001|25|0
LdbcUpdate8AddFriendship|1422797578650|1422797580960|113|0
LdbcUpdate5AddForumMembership|1422797578651|1422797581073|0|0
LdbcUpdate5AddForumMembership|1422797578651|1422797581074|0|0
LdbcUpdate7AddComment|1422797578653|1422797581074|1|0
LdbcUpdate2AddPostLike|1422797578686|1422797581075|0|0
LdbcQuery8|1422797574827|1422797574827|7457|0
LdbcQuery7|1422797576319|1422797582284|6|0
LdbcUpdate7AddComment|1422797578708|1422797581076|1233|0
LdbcUpdate3AddCommentLike|1422797578764|1422797582310|0|0
LdbcUpdate3AddCommentLike|1422797578765|1422797582311|0|0
LdbcUpdate2AddPostLike|1422797578770|1422797582311|0|0
LdbcUpdate5AddForumMembership|1422797578781|1422797582312|0|0
LdbcUpdate3AddCommentLike|1422797578782|1422797582312|0|0
LdbcUpdate5AddForumMembership|1422797578796|1422797582313|0|0
LdbcUpdate7AddComment|1422797578805|1422797582314|1|0
LdbcUpdate5AddForumMembership|1422797578825|1422797582315|0|0
LdbcUpdate2AddPostLike|1422797578852|1422797582315|0|0
LdbcUpdate5AddForumMembership|1422797578858|1422797582316|0|0
LdbcUpdate3AddCommentLike|1422797578876|1422797582317|0|0
LdbcUpdate3AddCommentLike|1422797578885|1422797582317|0|0
LdbcUpdate5AddForumMembership|1422797578885|1422797582318|0|0
LdbcUpdate5AddForumMembership|1422797578897|1422797582318|0|0
LdbcUpdate5AddForumMembership|1422797578939|1422797582319|0|0
LdbcQuery13|1422797575782|1422797580729|1591|0
LdbcUpdate5AddForumMembership|1422797578952|1422797582319|0|0
LdbcUpdate5AddForumMembership|1422797578960|1422797582320|0|0
LdbcUpdate5AddForumMembership|1422797579025|1422797582321|0|0
LdbcUpdate4AddForum|1422797579037|1422797582321|11|0
LdbcUpdate5AddForumMembership|1422797579054|1422797582333|0|0
LdbcUpdate2AddPostLike|1422797579066|1422797582333|0|0
LdbcUpdate6AddPost|1422797579070|1422797582334|1|0
LdbcUpdate5AddForumMembership|1422797579074|1422797582336|0|0
LdbcUpdate7AddComment|1422797579093|1422797582336|1|0
LdbcUpdate4AddForum|1422797579093|1422797582338|1|0
LdbcUpdate4AddForum|1422797579094|1422797582339|1|0
LdbcUpdate6AddPost|1422797579094|1422797582340|1|0
LdbcQuery13|1422797576122|1422797580868|1505|0
LdbcUpdate6AddPost|1422797579095|1422797582341|34|0
LdbcUpdate6AddPost|1422797579095|1422797582376|1|0
LdbcUpdate6AddPost|1422797579095|1422797582377|1|0
LdbcUpdate6AddPost|1422797579095|1422797582378|1|0
LdbcUpdate6AddPost|1422797579095|1422797582380|1|0
LdbcUpdate6AddPost|1422797579095|1422797582382|1|0
LdbcUpdate6AddPost|1422797579095|1422797582383|1|0
LdbcUpdate6AddPost|1422797579095|1422797582385|1|0
LdbcUpdate6AddPost|1422797579095|1422797582386|1|0
LdbcUpdate6AddPost|1422797579095|1422797582387|1|0
LdbcUpdate6AddPost|1422797579095|1422797582389|1|0
LdbcUpdate6AddPost|1422797579095|1422797582391|1|0
LdbcUpdate6AddPost|1422797579095|1422797582392|1|0
LdbcUpdate6AddPost|1422797579095|1422797582393|1|0
LdbcUpdate6AddPost|1422797579095|1422797582395|1|0
LdbcUpdate6AddPost|1422797579095|1422797582397|1|0
LdbcUpdate6AddPost|1422797579095|1422797582398|1|0
LdbcUpdate6AddPost|1422797579096|1422797582400|1|0
LdbcUpdate6AddPost|1422797579096|1422797582401|1|0
LdbcUpdate6AddPost|1422797579096|1422797582402|1|0
LdbcUpdate6AddPost|1422797579096|1422797582404|1|0
LdbcUpdate6AddPost|1422797579096|1422797582405|1|0
LdbcUpdate6AddPost|1422797579096|1422797582406|1|0
LdbcUpdate6AddPost|1422797579096|1422797582407|1|0
LdbcUpdate6AddPost|1422797579096|1422797582409|1|0
LdbcUpdate6AddPost|1422797579096|1422797582410|1|0
LdbcUpdate6AddPost|1422797579096|1422797582412|1|0
LdbcUpdate6AddPost|1422797579096|1422797582413|1|0
LdbcUpdate6AddPost|1422797579096|1422797582415|1|0
LdbcUpdate5AddForumMembership|1422797579125|1422797582416|0|0
LdbcUpdate3AddCommentLike|1422797579139|1422797582417|0|0
LdbcUpdate4AddForum|1422797579171|1422797582417|1|0
LdbcUpdate6AddPost|1422797579172|1422797582419|1|0
LdbcQuery8|1422797576379|1422797582320|101|0
LdbcUpdate6AddPost|1422797579173|1422797582420|1|0
LdbcUpdate6AddPost|1422797579173|1422797582422|1|0
LdbcUpdate6AddPost|1422797579173|1422797582423|1|0
LdbcUpdate6AddPost|1422797579173|1422797582424|1|0
LdbcUpdate6AddPost|1422797579173|1422797582425|1|0
LdbcUpdate6AddPost|1422797579173|1422797582427|1|0
LdbcUpdate6AddPost|1422797579173|1422797582428|1|0
LdbcUpdate6AddPost|1422797579173|1422797582429|1|0
LdbcUpdate6AddPost|1422797579173|1422797582431|1|0
LdbcUpdate6AddPost|1422797579173|1422797582432|1|0
LdbcUpdate6AddPost|1422797579174|1422797582433|1|0
LdbcUpdate6AddPost|1422797579174|1422797582434|1|0
LdbcUpdate6AddPost|1422797579174|1422797582436|1|0
LdbcUpdate2AddPostLike|1422797579249|1422797582437|0|0
LdbcUpdate5AddForumMembership|1422797579256|1422797582438|0|0
LdbcUpdate5AddForumMembership|1422797579302|1422797582439|0|0
LdbcUpdate7AddComment|1422797579304|1422797582439|1|0
LdbcUpdate4AddForum|1422797579331|1422797582441|46|0
LdbcUpdate6AddPost|1422797579332|1422797582487|1|0
LdbcQuery14|1422797574601|1422797574601|7915|0
LdbcQuery13|1422797575102|1422797579171|3351|0
LdbcUpdate5AddForumMembership|1422797579339|1422797582489|35|0
LdbcUpdate5AddForumMembership|1422797579344|1422797582524|0|0
LdbcUpdate5AddForumMembership|1422797579381|1422797582525|0|0
LdbcUpdate5AddForumMembership|1422797579385|1422797582526|0|0
LdbcUpdate5AddForumMembership|1422797579391|1422797582526|0|0
LdbcUpdate5AddForumMembership|1422797579396|1422797582527|0|0
LdbcUpdate8AddFriendship|1422797579398|1422797582528|0|0
LdbcUpdate8AddFriendship|1422797579398|1422797582529|0|0
LdbcUpdate5AddForumMembership|1422797579399|1422797582530|1|0
LdbcUpdate5AddForumMembership|1422797579399|1422797582531|0|0
LdbcUpdate5AddForumMembership|1422797579418|1422797582532|0|0
LdbcUpdate2AddPostLike|1422797579420|1422797582533|0|0
LdbcQuery8|1422797575681|1422797580501|2084|0
LdbcUpdate3AddCommentLike|1422797579433|1422797582533|57|0
LdbcUpdate3AddCommentLike|1422797579434|1422797582591|0|0
LdbcUpdate5AddForumMembership|1422797579459|1422797582591|0|0
LdbcUpdate5AddForumMembership|1422797579464|1422797582592|0|0
LdbcUpdate2AddPostLike|1422797579471|1422797582592|0|0
LdbcUpdate5AddForumMembership|1422797579492|1422797582593|1|0
LdbcQuery8|1422797576301|1422797581009|1604|0
LdbcQuery8|1422797575758|1422797580531|2111|0
LdbcQuery2|1422797576605|1422797582586|81|0
LdbcQuery11|1422797575329|1422797580207|2478|0
LdbcUpdate3AddCommentLike|1422797579504|1422797582595|96|0
LdbcUpdate5AddForumMembership|1422797579512|1422797582691|0|0
LdbcQuery8|1422797576068|1422797580831|1878|0
LdbcQuery11|1422797574535|1422797574540|8172|0
LdbcQuery8|1422797576689|1422797582668|44|0
LdbcUpdate4AddForum|1422797579545|1422797582692|46|0
LdbcUpdate5AddForumMembership|1422797579551|1422797582738|0|0
LdbcUpdate5AddForumMembership|1422797579556|1422797582738|0|0
LdbcUpdate5AddForumMembership|1422797579564|1422797582739|0|0
LdbcUpdate5AddForumMembership|1422797579604|1422797582740|0|0
LdbcUpdate5AddForumMembership|1422797579614|1422797582740|0|0
LdbcUpdate5AddForumMembership|1422797579639|1422797582741|0|0
LdbcUpdate5AddForumMembership|1422797579643|1422797582741|0|0
LdbcUpdate5AddForumMembership|1422797579688|1422797582742|0|0
LdbcQuery8|1422797576767|1422797582685|122|0
LdbcQuery11|1422797576122|1422797580918|1949|0
LdbcUpdate7AddComment|1422797579733|1422797582742|139|0
LdbcUpdate5AddForumMembership|1422797579742|1422797582882|0|0
LdbcUpdate2AddPostLike|1422797579760|1422797582882|0|0
LdbcUpdate3AddCommentLike|1422797579807|1422797582883|0|0
LdbcUpdate2AddPostLike|1422797579819|1422797582883|0|0
LdbcQuery14|1422797576319|1422797581026|1932|0
LdbcQuery8|1422797576146|1422797580976|2044|0
LdbcQuery8|1422797576999|1422797583021|13|0
LdbcQuery8|1422797576611|1422797582614|447|0
LdbcQuery8|1422797577077|1422797583061|72|0
LdbcUpdate5AddForumMembership|1422797579855|1422797582884|265|0
LdbcUpdate5AddForumMembership|1422797579859|1422797583151|0|0
LdbcUpdate5AddForumMembership|1422797579881|1422797583151|4|0
LdbcUpdate5AddForumMembership|1422797579938|1422797583156|0|0
LdbcUpdate2AddPostLike|1422797579939|1422797583156|0|0
LdbcUpdate5AddForumMembership|1422797579952|1422797583157|0|0
LdbcUpdate5AddForumMembership|1422797579961|1422797583157|0|0
LdbcQuery13|1422797575442|1422797580223|2946|0
LdbcUpdate5AddForumMembership|1422797579978|1422797583158|38|0
LdbcUpdate5AddForumMembership|1422797579986|1422797583197|0|0
LdbcUpdate5AddForumMembership|1422797580004|1422797583197|0|0
LdbcUpdate8AddFriendship|1422797580008|1422797583198|0|0
LdbcUpdate8AddFriendship|1422797580008|1422797583198|0|0
LdbcUpdate5AddForumMembership|1422797580009|1422797583199|0|0
LdbcUpdate5AddForumMembership|1422797580009|1422797583199|0|0
LdbcUpdate5AddForumMembership|1422797580015|1422797583200|0|0
LdbcUpdate2AddPostLike|1422797580066|1422797583200|0|0
LdbcUpdate2AddPostLike|1422797580072|1422797583200|0|0
LdbcUpdate5AddForumMembership|1422797580074|1422797583201|0|0
LdbcUpdate2AddPostLike|1422797580092|1422797583201|0|0
LdbcUpdate5AddForumMembership|1422797580102|1422797583202|0|0
LdbcUpdate5AddForumMembership|1422797580104|1422797583202|0|0
LdbcUpdate5AddForumMembership|1422797580107|1422797583203|0|0
LdbcQuery8|1422797576844|1422797582712|513|0
LdbcQuery14|1422797575460|1422797580284|2959|0
LdbcUpdate2AddPostLike|1422797580115|1422797583203|96|0
LdbcUpdate5AddForumMembership|1422797580140|1422797583300|0|0
LdbcUpdate5AddForumMembership|1422797580169|1422797583300|0|0
LdbcUpdate5AddForumMembership|1422797580177|1422797583301|5|0
LdbcUpdate5AddForumMembership|1422797580220|1422797583307|1|0
LdbcUpdate5AddForumMembership|1422797580246|1422797583308|0|0
LdbcUpdate8AddFriendship|1422797580273|1422797583309|2|0
LdbcUpdate8AddFriendship|1422797580273|1422797583311|0|0
LdbcUpdate5AddForumMembership|1422797580274|1422797583311|0|0
LdbcUpdate5AddForumMembership|1422797580274|1422797583312|6|0
LdbcUpdate5AddForumMembership|1422797580294|1422797583318|0|0
LdbcUpdate5AddForumMembership|1422797580299|1422797583319|0|0
LdbcUpdate3AddCommentLike|1422797580303|1422797583320|0|0
LdbcUpdate5AddForumMembership|1422797580317|1422797583320|0|0
LdbcUpdate5AddForumMembership|1422797580323|1422797583321|0|0
LdbcQuery13|1422797576462|1422797582421|900|0
LdbcUpdate6AddPost|1422797580344|1422797583321|2|0
LdbcUpdate5AddForumMembership|1422797580379|1422797583324|0|0
LdbcUpdate5AddForumMembership|1422797580395|1422797583325|0|0
LdbcUpdate5AddForumMembership|1422797580404|1422797583326|1|0
LdbcUpdate2AddPostLike|1422797580452|1422797583327|0|0
LdbcUpdate5AddForumMembership|1422797580473|1422797583327|0|0
LdbcUpdate5AddForumMembership|1422797580487|1422797583328|0|0
LdbcUpdate5AddForumMembership|1422797580491|1422797583329|0|0
LdbcUpdate7AddComment|1422797580523|1422797583330|1|0
LdbcUpdate3AddCommentLike|1422797580531|1422797583331|0|0
LdbcUpdate5AddForumMembership|1422797580548|1422797583331|0|0
LdbcUpdate7AddComment|1422797580556|1422797583332|1|0
LdbcUpdate7AddComment|1422797580564|1422797583333|1|0
LdbcUpdate5AddForumMembership|1422797580575|1422797583335|0|0
LdbcUpdate8AddFriendship|1422797580616|1422797583335|0|0
LdbcUpdate8AddFriendship|1422797580616|1422797583336|0|0
LdbcUpdate5AddForumMembership|1422797580617|1422797583336|0|0
LdbcUpdate5AddForumMembership|1422797580617|1422797583337|0|0
LdbcUpdate5AddForumMembership|1422797580623|1422797583337|0|0
LdbcUpdate3AddCommentLike|1422797580651|1422797583338|0|0
LdbcUpdate5AddForumMembership|1422797580654|1422797583338|0|0
LdbcUpdate5AddForumMembership|1422797580663|1422797583339|0|0
LdbcUpdate5AddForumMembership|1422797580670|1422797583339|1|0
LdbcUpdate7AddComment|1422797580687|1422797583340|2|0
LdbcUpdate5AddForumMembership|1422797580711|1422797583343|1|0
LdbcUpdate8AddFriendship|1422797580726|1422797583344|0|0
LdbcUpdate8AddFriendship|1422797580726|1422797583345|0|0
LdbcUpdate5AddForumMembership|1422797580727|1422797583345|0|0
LdbcUpdate5AddForumMembership|1422797580727|1422797583346|0|0
LdbcUpdate5AddForumMembership|1422797580737|1422797583346|0|0
LdbcUpdate5AddForumMembership|1422797580741|1422797583347|0|0
LdbcUpdate3AddCommentLike|1422797580742|1422797583347|0|0
LdbcUpdate3AddCommentLike|1422797580797|1422797583348|0|0
LdbcUpdate2AddPostLike|1422797580802|1422797583348|0|0
LdbcUpdate5AddForumMembership|1422797580823|1422797583349|0|0
LdbcUpdate5AddForumMembership|1422797580832|1422797583349|0|0
LdbcUpdate5AddForumMembership|1422797580841|1422797583350|0|0
LdbcUpdate5AddForumMembership|1422797580865|1422797583350|0|0
LdbcUpdate4AddForum|1422797580865|1422797583351|1|0
LdbcUpdate6AddPost|1422797580867|1422797583352|1|0
LdbcUpdate6AddPost|1422797580867|1422797583354|1|0
LdbcUpdate6AddPost|1422797580867|1422797583356|0|0
LdbcUpdate6AddPost|1422797580867|1422797583357|0|0
LdbcUpdate6AddPost|1422797580867|1422797583358|1|0
LdbcUpdate6AddPost|1422797580867|1422797583359|1|0
LdbcUpdate6AddPost|1422797580867|1422797583360|0|0
LdbcUpdate6AddPost|1422797580867|1422797583361|0|0
LdbcUpdate6AddPost|1422797580867|1422797583362|0|0
LdbcUpdate6AddPost|1422797580867|1422797583363|1|0
LdbcUpdate6AddPost|1422797580868|1422797583364|0|0
LdbcUpdate5AddForumMembership|1422797580884|1422797583365|0|0
LdbcUpdate5AddForumMembership|1422797580888|1422797583366|1|0
LdbcUpdate5AddForumMembership|1422797580897|1422797583367|0|0
LdbcUpdate5AddForumMembership|1422797580936|1422797583368|0|0
LdbcUpdate2AddPostLike|1422797581007|1422797583368|0|0
LdbcUpdate5AddForumMembership|1422797581012|1422797583369|0|0
LdbcUpdate2AddPostLike|1422797581045|1422797583370|0|0
LdbcUpdate2AddPostLike|1422797581064|1422797583370|0|0
LdbcUpdate7AddComment|1422797581073|1422797583371|0|0
LdbcUpdate3AddCommentLike|1422797581095|1422797583372|0|0
LdbcQuery7|1422797577178|1422797583227|185|0
LdbcQuery2|1422797575173|1422797579849|3586|0
LdbcQuery8|1422797576456|1422797582373|1075|0
LdbcQuery8|1422797577154|1422797583170|305|0
LdbcQuery14|1422797577178|1422797583245|303|0
LdbcQuery13|1422797576802|1422797582710|858|0
LdbcQuery8|1422797577310|1422797583412|186|0
LdbcQuery13|1422797577483|1422797583477|123|0
LdbcUpdate5AddForumMembership|1422797581099|1422797583372|227|0
LdbcQuery12|1422797576582|1422797582523|1076|0
LdbcUpdate7AddComment|1422797581101|1422797583600|1|0
LdbcUpdate7AddComment|1422797581116|1422797583602|1|0
LdbcUpdate5AddForumMembership|1422797581150|1422797583604|0|0
LdbcUpdate5AddForumMembership|1422797581156|1422797583604|0|0
LdbcUpdate2AddPostLike|1422797581177|1422797583605|0|0
LdbcUpdate5AddForumMembership|1422797581182|1422797583605|0|0
LdbcUpdate5AddForumMembership|1422797581187|1422797583606|0|0
LdbcUpdate5AddForumMembership|1422797581195|1422797583606|0|0
LdbcUpdate2AddPostLike|1422797581203|1422797583607|1|0
LdbcUpdate5AddForumMembership|1422797581208|1422797583609|0|0
LdbcUpdate5AddForumMembership|1422797581217|1422797583609|0|0
LdbcUpdate5AddForumMembership|1422797581230|1422797583610|0|0
LdbcUpdate5AddForumMembership|1422797581231|1422797583610|0|0
LdbcUpdate5AddForumMembership|1422797581239|1422797583611|0|0
LdbcUpdate5AddForumMembership|1422797581250|1422797583612|0|0
LdbcUpdate5AddForumMembership|1422797581252|1422797583612|0|0
LdbcUpdate3AddCommentLike|1422797581256|1422797583613|0|0
LdbcUpdate7AddComment|1422797581308|1422797583613|1|0
LdbcUpdate7AddComment|1422797581309|1422797583614|0|0
LdbcUpdate5AddForumMembership|1422797581314|1422797583615|0|0
LdbcUpdate5AddForumMembership|1422797581320|1422797583616|0|0
LdbcUpdate2AddPostLike|1422797581320|1422797583616|0|0
LdbcUpdate2AddPostLike|1422797581333|1422797583617|0|0
LdbcUpdate7AddComment|1422797581334|1422797583617|0|0
LdbcUpdate5AddForumMembership|1422797581352|1422797583618|0|0
LdbcUpdate5AddForumMembership|1422797581360|1422797583619|0|0
LdbcUpdate5AddForumMembership|1422797581370|1422797583619|0|0
LdbcUpdate5AddForumMembership|1422797581395|1422797583620|0|0
LdbcUpdate5AddForumMembership|1422797581424|1422797583620|0|0
LdbcUpdate5AddForumMembership|1422797581433|1422797583621|0|0
LdbcUpdate5AddForumMembership|1422797581480|1422797583621|0|0
LdbcUpdate2AddPostLike|1422797581485|1422797583622|0|0
LdbcUpdate5AddForumMembership|1422797581547|1422797583623|0|0
LdbcUpdate5AddForumMembership|1422797581563|1422797583623|0|0
LdbcUpdate8AddFriendship|1422797581571|1422797583624|0|0
LdbcUpdate8AddFriendship|1422797581571|1422797583625|0|0
LdbcUpdate5AddForumMembership|1422797581572|1422797583625|0|0
LdbcUpdate5AddForumMembership|1422797581572|1422797583626|0|0
LdbcUpdate5AddForumMembership|1422797581575|1422797583626|0|0
LdbcUpdate5AddForumMembership|1422797581584|1422797583627|0|0
LdbcUpdate2AddPostLike|1422797581645|1422797583627|0|0
LdbcUpdate5AddForumMembership|1422797581673|1422797583627|0|0
LdbcUpdate5AddForumMembership|1422797581687|1422797583628|0|0
LdbcUpdate5AddForumMembership|1422797581722|1422797583628|1|0
LdbcUpdate2AddPostLike|1422797581741|1422797583630|0|0
LdbcUpdate5AddForumMembership|1422797581752|1422797583630|0|0
LdbcUpdate2AddPostLike|1422797581766|1422797583631|0|0
LdbcUpdate5AddForumMembership|1422797581786|1422797583631|0|0
LdbcUpdate2AddPostLike|1422797581788|1422797583631|0|0
LdbcUpdate2AddPostLike|1422797581791|1422797583632|0|0
LdbcUpdate5AddForumMembership|1422797581828|1422797583632|0|0
LdbcUpdate5AddForumMembership|1422797581858|1422797583633|0|0
LdbcUpdate5AddForumMembership|1422797581862|1422797583633|0|0
LdbcQuery8|1422797576534|1422797582516|1120|0
LdbcQuery11|1422797576916|1422797582808|835|0
LdbcQuery8|1422797577697|1422797583638|81|0
LdbcUpdate5AddForumMembership|1422797581865|1422797583633|110|0
LdbcUpdate5AddForumMembership|1422797581865|1422797583744|0|0
LdbcUpdate5AddForumMembership|1422797581885|1422797583745|0|0
LdbcUpdate5AddForumMembership|1422797581901|1422797583746|0|0
LdbcUpdate8AddFriendship|1422797581901|1422797583746|0|0
LdbcUpdate8AddFriendship|1422797581901|1422797583747|0|0
LdbcUpdate5AddForumMembership|1422797581902|1422797583747|0|0
LdbcUpdate5AddForumMembership|1422797581902|1422797583748|0|0
LdbcUpdate3AddCommentLike|1422797581923|1422797583748|0|0
LdbcQuery8|1422797577465|1422797583449|299|0
LdbcUpdate5AddForumMembership|1422797581969|1422797583749|0|0
LdbcUpdate5AddForumMembership|1422797581976|1422797583749|0|0
LdbcUpdate2AddPostLike|1422797581995|1422797583750|0|0
LdbcUpdate5AddForumMembership|1422797581999|1422797583750|9|0
LdbcUpdate7AddComment|1422797582007|1422797583759|0|0
LdbcUpdate5AddForumMembership|1422797582015|1422797583760|0|0
LdbcUpdate5AddForumMembership|1422797582022|1422797583761|0|0
LdbcUpdate5AddForumMembership|1422797582054|1422797583761|0|0
LdbcUpdate5AddForumMembership|1422797582057|1422797583762|0|0
LdbcUpdate5AddForumMembership|1422797582082|1422797583762|0|0
LdbcUpdate2AddPostLike|1422797582092|1422797583763|0|0
LdbcUpdate2AddPostLike|1422797582095|1422797583763|0|0
LdbcUpdate5AddForumMembership|1422797582095|1422797583764|0|0
LdbcUpdate5AddForumMembership|1422797582123|1422797583764|0|0
LdbcUpdate5AddForumMembership|1422797582136|1422797583765|0|0
LdbcUpdate5AddForumMembership|1422797582157|1422797583765|0|0
LdbcUpdate2AddPostLike|1422797582161|1422797583765|6|0
LdbcUpdate8AddFriendship|1422797582171|1422797583772|0|0
LdbcUpdate8AddFriendship|1422797582171|1422797583773|0|0
LdbcUpdate5AddForumMembership|1422797582172|1422797583774|2|0
LdbcUpdate5AddForumMembership|1422797582172|1422797583776|0|0
LdbcQuery13|1422797577823|1422797583749|39|0
LdbcQuery8|1422797577542|1422797583548|242|0
LdbcQuery8|1422797577387|1422797583436|360|0
LdbcQuery8|1422797577852|1422797583789|23|0
LdbcUpdate5AddForumMembership|1422797582195|1422797583777|37|0
LdbcUpdate5AddForumMembership|1422797582196|1422797583814|0|0
LdbcUpdate5AddForumMembership|1422797582197|1422797583815|0|0
LdbcUpdate8AddFriendship|1422797582207|1422797583815|0|0
LdbcUpdate8AddFriendship|1422797582207|1422797583816|0|0
LdbcUpdate5AddForumMembership|1422797582208|1422797583816|0|0
LdbcUpdate5AddForumMembership|1422797582208|1422797583817|0|0
LdbcUpdate2AddPostLike|1422797582210|1422797583817|0|0
LdbcUpdate5AddForumMembership|1422797582244|1422797583818|0|0
LdbcUpdate3AddCommentLike|1422797582288|1422797583818|0|0
LdbcQuery8|1422797577232|1422797583323|520|0
LdbcQuery8|1422797577930|1422797583791|61|0
LdbcQuery8|1422797576922|1422797582867|986|0
LdbcQuery7|1422797578037|1422797583853|10|0
LdbcQuery8|1422797577620|1422797583599|420|0
LdbcQuery11|1422797577709|1422797583644|390|0
LdbcQuery8|1422797578008|1422797583812|225|0
LdbcQuery8|1422797578163|1422797584035|59|0
LdbcQuery8|1422797578240|1422797584038|213|0
LdbcQuery8|1422797578395|1422797584252|41|0
LdbcQuery14|1422797578037|1422797583843|497|0
LdbcQuery8|1422797578473|1422797584341|21|0
LdbcQuery8|1422797578318|1422797584095|289|0
LdbcQuery8|1422797578085|1422797583863|719|0
LdbcQuery11|1422797578503|1422797584362|463|0
LdbcQuery13|1422797577142|1422797583135|1694|0
LdbcQuery8|1422797578628|1422797584830|61|0
LdbcQuery8|1422797578706|1422797584892|10|0
LdbcQuery8|1422797578783|1422797584902|82|0
LdbcQuery13|1422797578843|1422797584984|181|0
LdbcQuery8|1422797578551|1422797584825|380|0
LdbcQuery8|1422797577775|1422797583720|1530|0
LdbcQuery13|1422797578503|1422797584384|959|0
LdbcQuery8|1422797578861|1422797585167|220|0
LdbcQuery8|1422797578938|1422797585388|59|0
LdbcQuery8|1422797579016|1422797585448|98|0
LdbcQuery8|1422797579094|1422797585547|13|0
LdbcQuery8|1422797579171|1422797585560|24|0
LdbcQuery13|1422797578163|1422797584019|1616|0
LdbcQuery8|1422797579249|1422797585636|84|0
LdbcQuery13|1422797579183|1422797585585|518|0
LdbcQuery11|1422797579296|1422797586103|403|0
LdbcQuery8|1422797579326|1422797586507|15|0
LdbcQuery8|1422797579404|1422797586523|9|0
LdbcQuery2|1422797578037|1422797583855|2743|0
LdbcQuery7|1422797578897|1422797585250|1392|0
LdbcQuery8|1422797579481|1422797586643|37|0
LdbcQuery12|1422797575162|1422797579635|7192|0
LdbcQuery14|1422797578897|1422797585206|1827|0
LdbcQuery8|1422797579559|1422797587033|85|0
LdbcQuery8|1422797579637|1422797587119|80|0
LdbcQuery8|1422797579714|1422797587200|220|0
LdbcQuery13|1422797579523|1422797586829|652|0
LdbcQuery7|1422797579756|1422797587421|181|0
LdbcQuery14|1422797579756|1422797587481|405|0
LdbcQuery2|1422797579469|1422797586598|1456|0
LdbcQuery8|1422797579792|1422797587602|463|0
LdbcQuery8|1422797579947|1422797588065|18|0
LdbcQuery8|1422797580024|1422797588084|15|0
LdbcQuery13|1422797579863|1422797587887|219|0
LdbcQuery8|1422797579869|1422797588055|156|0
LdbcQuery11|1422797580090|1422797588107|222|0
LdbcQuery8|1422797580102|1422797588212|137|0
LdbcQuery8|1422797580180|1422797588349|65|0
LdbcQuery13|1422797580203|1422797588415|490|0
LdbcQuery10|1422797576331|1422797582290|6680|0
LdbcQuery8|1422797580257|1422797588972|136|0
LdbcQuery1|1422797578467|1422797584293|4951|0
LdbcQuery8|1422797580335|1422797589244|10|0
LdbcQuery8|1422797580412|1422797589255|262|0
LdbcQuery1|1422797576104|1422797580848|9304|0
LdbcQuery8|1422797580490|1422797590153|30|0
LdbcQuery1|1422797575317|1422797580200|10038|0
LdbcQuery8|1422797580567|1422797590239|47|0
LdbcQuery13|1422797580543|1422797590183|176|0
LdbcQuery1|1422797576892|1422797582713|7682|0
LdbcQuery8|1422797580645|1422797590396|124|0
LdbcQuery8|1422797580722|1422797590520|46|0
LdbcQuery8|1422797580800|1422797590567|23|0
LdbcQuery1|1422797577679|1422797583600|7020|0
LdbcQuery14|1422797580615|1422797590360|307|0
LdbcQuery8|1422797580878|1422797590668|36|0
LdbcQuery11|1422797580884|1422797590704|72|0
LdbcQuery13|1422797580884|1422797590777|14|0
LdbcQuery1|1422797579255|1422797585720|5381|0
LdbcQuery1|1422797574529|1422797574583|16529|0
LdbcQuery8|1422797581033|1422797591113|29|0
LdbcQuery8|1422797580955|1422797591102|70|0
LdbcQuery8|1422797581110|1422797591142|48|0
LdbcQuery8|1422797581188|1422797591172|31|0
LdbcQuery8|1422797581265|1422797591204|48|0
LdbcQuery8|1422797581343|1422797591253|19|0
LdbcQuery13|1422797581224|1422797591191|112|0
LdbcQuery8|1422797581421|1422797591273|33|0
LdbcQuery14|1422797581474|1422797591307|181|0
LdbcQuery12|1422797578002|1422797583797|7736|0
LdbcQuery7|1422797581474|1422797591488|88|0
LdbcQuery7|1422797580615|1422797590286|1291|0
LdbcQuery8|1422797581498|1422797591534|99|0
LdbcQuery8|1422797581576|1422797591633|17|0
LdbcQuery13|1422797581564|1422797591578|136|0
LdbcQuery8|1422797581653|1422797591715|55|0
LdbcQuery12|1422797580842|1422797590620|1637|0
LdbcQuery2|1422797580901|1422797590792|1563|0
LdbcQuery8|1422797581731|1422797592258|170|0
LdbcQuery8|1422797581886|1422797592428|36|0
LdbcQuery11|1422797581677|1422797591771|1835|0
LdbcQuery8|1422797581808|1422797592355|1254|0
LdbcQuery8|1422797581964|1422797593607|20|0
LdbcQuery13|1422797581904|1422797592465|1206|0
LdbcQuery8|1422797582119|1422797593628|50|0
LdbcQuery8|1422797582041|1422797593611|95|0
LdbcQuery8|1422797582196|1422797593672|64|0
LdbcQuery1|1422797580042|1422797588100|5708|0
LdbcQuery13|1422797582244|1422797593706|140|0
LdbcQuery8|1422797582274|1422797593809|56|0
LdbcQuery12|1422797579422|1422797586532|7513|0
LdbcQuery1|1422797580830|1422797590590|3684|0
LdbcQuery10|1422797575036|1422797576377|18127|0
LdbcQuery12|1422797582262|1422797593736|1527|0
LdbcQuery10|1422797577626|1422797583600|11757|0
LdbcQuery10|1422797581510|1422797591576|3849|0
LdbcQuery10|1422797578921|1422797585344|10651|0
LdbcQuery1|1422797581617|1422797591651|4741|0
LdbcQuery10|1422797580215|1422797588905|8230|0
LdbcQuery4|1422797581427|1422797591304|10597|0
LdbcQuery4|1422797579505|1422797586681|15244|0
LdbcQuery4|1422797576623|1422797582643|19622|0
LdbcQuery4|1422797578545|1422797584583|17758|0
LdbcQuery4|1422797575663|1422797580429|21978|0
LdbcQuery4|1422797574702|1422797574722|27895|0
LdbcQuery4|1422797580466|1422797589518|13245|0
LdbcQuery4|1422797577584|1422797583569|19213|0
LdbcQuery5|1422797576928|1422797582959|20817|0
LdbcQuery5|1422797580114|1422797588330|15448|0
LdbcQuery3|1422797580305|1422797589108|15828|0
LdbcQuery3|1422797577023|1422797583035|21902|0
LdbcQuery9|1422797582244|1422797593679|12756|0
