Person.id|language
8796093022220|es
8796093022220|en
2199023255591|ru
2199023255591|en
4398046511124|ar
4398046511124|wo
4398046511124|en
4398046511105|en
4398046511105|fr
8796093022239|de
8796093022239|en
8796093022222|fa
8796093022222|ku
8796093022222|en
10995116277794|es
10995116277794|en
48|nl
48|en
6597069766681|it
6597069766681|de
6597069766681|en
6|zh
6|en
2199023255589|zh
2199023255589|en
8796093022235|pl
8796093022235|en
2199023255555|ru
2199023255555|en
4398046511109|my
4398046511109|en
8796093022232|zh
8796093022232|en
2199023255574|ja
2199023255574|en
4398046511113|az
4398046511113|ru
4398046511113|en
6597069766672|pl
6597069766672|en
10995116277793|ar
10995116277793|fr
10995116277793|en
6597069766692|ml
6597069766692|bn
6597069766692|en
4398046511146|ar
4398046511146|fr
4398046511146|en
6597069766701|fr
6597069766701|ha
6597069766701|en
10995116277806|es
10995116277806|en
4398046511133|zh
4398046511133|en
8796093022248|pt
8796093022248|en
4398046511112|tk
4398046511112|en
10995116277795|ur
10995116277795|en
2199023255565|tr
2199023255565|en
6597069766674|en
6597069766674|af
4398046511123|en
4398046511123|to
4398046511147|ml
4398046511147|mr
4398046511147|en
6597069766667|zh
6597069766667|en
4398046511136|es
4398046511136|en
6597069766656|te
6597069766656|ur
6597069766656|en
8796093022215|zh
8796093022215|en
41|gu
41|mr
41|en
4398046511151|ta
4398046511151|si
4398046511151|en
6597069766660|en
6597069766660|cy
10|de
10|en
10995116277809|mr
10995116277809|ta
10995116277809|en
4398046511127|en
4398046511106|jv
4398046511106|en
8796093022252|ru
8796093022252|en
8796093022238|sv
8796093022238|fi
8796093022238|en
2199023255580|sv
2199023255580|en
8796093022246|es
8796093022246|en
