Person.id|email
8796093022220|Jose8796093022220@gmail.com
8796093022220|Jose8796093022220@gmx.com
2199023255591|Alexei2199023255591@gmail.com
2199023255591|Alexei2199023255591@zoho.com
4398046511124|Yahya.Ould.Ahmed.El4398046511124@gmail.com
4398046511124|Yahya.Ould.Ahmed.El4398046511124@hotmail.com
4398046511124|Yahya.Ould.Ahmed.El4398046511124@zoho.com
4398046511105|Evangelos4398046511105@gmx.com
8796093022239|Otto8796093022239@gmail.com
8796093022239|Otto8796093022239@gmx.com
8796093022222|Hossein8796093022222@gmail.com
8796093022222|Hossein8796093022222@gmx.com
8796093022222|Hossein8796093022222@yahoo.com
8796093022222|Hossein8796093022222@zoho.com
10995116277794|Roberto10995116277794@gmail.com
10995116277794|Roberto10995116277794@hotmail.com
10995116277794|Roberto10995116277794@yahoo.com
48|Adje.van.den.Berg48@gmail.com
48|Adje.van.den.Berg48@gmx.com
48|Adje.van.den.Berg48@hotmail.com
48|Adje.van.den.Berg48@yahoo.com
6597069766681|Luigi6597069766681@gmail.com
6597069766681|Luigi6597069766681@gmx.com
6597069766681|Luigi6597069766681@zoho.com
6|Baby6@gmail.com
6|Baby6@gmx.com
6|Baby6@yahoo.com
2199023255589|Wei2199023255589@gmail.com
2199023255589|Wei2199023255589@yahoo.com
8796093022235|Wojciech8796093022235@gmail.com
8796093022235|Wojciech8796093022235@hotmail.com
8796093022235|Wojciech8796093022235@yahoo.com
2199023255555|Aleksandr2199023255555@gmail.com
2199023255555|Aleksandr2199023255555@hotmail.com
4398046511109|Eric4398046511109@gmail.com
4398046511109|Eric4398046511109@gmx.com
4398046511109|Eric4398046511109@yahoo.com
8796093022232|Jie8796093022232@gmail.com
8796093022232|Jie8796093022232@hotmail.ru
8796093022232|Jie8796093022232@pookmail.com
2199023255574|Ken2199023255574@gmail.com
2199023255574|Ken2199023255574@yahoo.com
4398046511113|Alim4398046511113@gmail.com
4398046511113|Alim4398046511113@gmx.com
6597069766672|Jan6597069766672@giza.cc
6597069766672|Jan6597069766672@gmail.com
6597069766672|Jan6597069766672@yahoo.com
10995116277793|Ali10995116277793@gmail.com
10995116277793|Ali10995116277793@gmx.com
6597069766692|John6597069766692@gmail.com
4398046511146|Ali4398046511146@gmail.com
4398046511146|Ali4398046511146@gmx.com
4398046511146|Ali4398046511146@yahoo.com
6597069766701|Ali6597069766701@zoho.com
10995116277806|Alejandro10995116277806@gmail.com
10995116277806|Alejandro10995116277806@gmx.com
4398046511133|Lei4398046511133@gmail.com
4398046511133|Lei4398046511133@yahoo.com
8796093022248|Celso8796093022248@gmx.com
4398046511112|Djelaludin4398046511112@gmail.com
4398046511112|Djelaludin4398046511112@hotmail.com
4398046511112|Djelaludin4398046511112@yahoo.com
10995116277795|Ayesha10995116277795@gmail.com
10995116277795|Ayesha10995116277795@gmx.com
10995116277795|Ayesha10995116277795@zoho.com
2199023255565|Mehmet2199023255565@yahoo.com
6597069766674|Neil6597069766674@gmail.com
6597069766674|Neil6597069766674@gmx.com
4398046511123|Jimmy4398046511123@gmail.com
4398046511147|Rahul4398046511147@gmail.com
6597069766667|Cheng6597069766667@gmail.com
6597069766667|Cheng6597069766667@gmx.com
6597069766667|Cheng6597069766667@hotmail.com
4398046511136|Miguel4398046511136@chemist.com
4398046511136|Miguel4398046511136@gmail.com
4398046511136|Miguel4398046511136@hotmail.com
4398046511136|Miguel4398046511136@yahoo.com
6597069766656|John6597069766656@gmail.com
8796093022215|Jun8796093022215@gmail.com
8796093022215|Jun8796093022215@yahoo.com
41|John41@gmail.com
41|John41@jizan.cc
41|John41@yahoo.com
41|John41@zoho.com
4398046511151|Tissa4398046511151@gmx.com
4398046511151|Tissa4398046511151@yahoo.com
6597069766660|Bryn6597069766660@gmail.com
6597069766660|Bryn6597069766660@gmx.com
6597069766660|Bryn6597069766660@yahoo.com
6597069766660|Bryn6597069766660@zoho.com
10|Wolfgang10@gmail.com
10|Wolfgang10@zoho.com
10995116277809|Ashok10995116277809@gmail.com
10995116277809|Ashok10995116277809@gmx.com
10995116277809|Ashok10995116277809@planetsmeg.com
10995116277809|Ashok10995116277809@yahoo.com
4398046511127|John4398046511127@gmail.com
4398046511127|John4398046511127@gmx.com
4398046511127|John4398046511127@yahoo.com
4398046511106|Abdul.Haris4398046511106@gmail.com
8796093022252|Alexei8796093022252@gmail.com
8796093022252|Alexei8796093022252@yahoo.com
8796093022238|Joakim8796093022238@gmx.com
8796093022238|Joakim8796093022238@hotmail.com
8796093022238|Joakim8796093022238@yahoo.com
2199023255580|Hans2199023255580@gmail.com
2199023255580|Hans2199023255580@yahoo.com
8796093022246|Alfonso8796093022246@yahoo.com
