Forum.id|Post.id
343597383682|343597383680
343597383682|343597383681
343597383682|343597383682
343597383682|343597383683
343597383682|343597383684
343597383682|343597383685
343597383682|343597383686
343597383682|343597383687
343597383682|343597383688
343597383682|343597383689
343597383682|343597383690
343597383682|343597383691
343597383682|343597383692
343597383682|343597383693
343597383682|343597383694
343597383682|343597383695
343597383682|343597383696
343597383682|343597383697
343597383682|343597383698
343597383683|343597383699
343597383683|343597383700
343597383683|343597383701
343597383683|343597383702
343597383683|343597383703
343597383683|343597383704
343597383683|343597383705
343597383683|343597383706
343597383683|343597383707
343597383683|343597383708
343597383683|343597383709
343597383683|343597383710
343597383683|343597383711
343597383683|343597383712
343597383683|343597383713
343597383683|343597383714
274877906952|274877906979
274877906952|274877906980
274877906952|274877906981
274877906952|274877906982
274877906952|274877906983
274877906952|274877906984
274877906952|274877906985
274877906954|274877906987
274877906954|274877906988
274877906957|274877907005
274877906957|274877907006
274877906957|274877907007
274877906957|274877907008
274877906957|274877907009
274877906957|274877907010
274877906957|274877907011
274877906957|274877907012
274877906957|274877907013
274877906957|274877907014
274877906957|274877907015
274877906957|274877907016
274877906957|274877907017
274877906957|274877907018
274877906957|274877907019
274877906957|274877907020
274877906957|274877907021
274877906957|274877907022
274877906957|274877907023
274877906957|274877907024
343597383696|343597383781
343597383696|343597383782
343597383696|343597383783
343597383696|343597383784
343597383696|343597383785
343597383696|343597383786
343597383701|343597383803
343597383701|343597383804
343597383701|343597383805
343597383701|343597383806
343597383701|343597383807
343597383701|343597383808
343597383701|343597383809
343597383701|343597383810
343597383701|343597383811
343597383701|343597383812
343597383701|343597383813
343597383701|343597383814
343597383701|343597383815
343597383701|343597383816
343597383701|343597383817
343597383701|343597383818
343597383701|343597383819
343597383701|343597383820
343597383701|343597383821
343597383701|343597383822
206158430230|206158430351
206158430230|206158430352
206158430230|206158430353
206158430230|206158430354
206158430230|206158430355
206158430230|206158430356
206158430230|206158430357
206158430230|206158430358
206158430230|206158430359
206158430230|206158430360
206158430230|206158430361
206158430230|206158430362
206158430230|206158430363
206158430230|206158430364
206158430230|206158430365
206158430230|206158430366
206158430230|206158430367
206158430230|206158430368
206158430230|206158430369
274877906967|274877907106
274877906967|274877907107
274877906967|274877907108
274877906967|274877907109
274877906967|274877907110
274877906967|274877907111
274877906967|274877907112
274877906967|274877907113
274877906967|274877907114
274877906967|274877907115
274877906967|274877907116
274877906967|274877907117
274877906967|274877907118
274877906967|274877907119
274877906967|274877907120
274877906967|274877907121
68719476760|68719476914
68719476760|68719476915
68719476760|68719476916
68719476760|68719476917
68719476760|68719476918
68719476760|68719476919
68719476760|68719476920
68719476760|68719476921
137438953497|137438953658
137438953497|137438953659
137438953497|137438953660
137438953497|137438953661
137438953497|137438953662
137438953497|137438953663
137438953497|137438953664
137438953497|137438953665
137438953497|137438953666
137438953497|137438953667
137438953497|137438953668
137438953497|137438953669
137438953497|137438953670
137438953497|137438953671
137438953497|137438953672
137438953497|137438953673
137438953497|137438953674
137438953497|137438953675
137438953497|137438953676
206158430235|206158430413
206158430235|206158430414
206158430235|206158430415
206158430235|206158430416
206158430235|206158430417
206158430235|206158430418
206158430235|206158430419
206158430235|206158430420
206158430235|206158430421
206158430235|206158430422
206158430235|206158430423
206158430235|206158430424
206158430235|206158430425
206158430235|206158430426
206158430235|206158430427
274877906972|274877907164
274877906972|274877907165
274877906972|274877907166
274877906972|274877907167
274877906972|274877907168
274877906972|274877907169
274877906972|274877907170
274877906972|274877907171
137438953504|137438953702
137438953504|137438953703
137438953504|137438953704
137438953504|137438953705
137438953504|137438953706
137438953504|137438953707
137438953504|137438953708
137438953504|137438953709
137438953504|137438953710
137438953504|137438953711
137438953504|137438953712
137438953504|137438953713
137438953504|137438953714
137438953504|137438953715
137438953504|137438953716
137438953504|137438953717
137438953504|137438953718
137438953504|137438953719
137438953504|137438953720
137438953505|137438953721
137438953505|137438953722
137438953505|137438953723
137438953505|137438953724
137438953505|137438953725
137438953505|137438953726
137438953505|137438953727
137438953505|137438953728
137438953505|137438953729
274877906978|274877907202
274877906978|274877907203
274877906978|274877907204
274877906978|274877907205
274877906978|274877907206
206158430243|206158430471
206158430243|206158430472
206158430243|206158430473
206158430243|206158430474
206158430243|206158430475
206158430243|206158430476
206158430243|206158430477
206158430243|206158430478
206158430243|206158430479
206158430243|206158430480
206158430243|206158430481
206158430243|206158430482
206158430243|206158430483
206158430243|206158430484
36|277
36|278
36|279
36|280
36|281
36|282
36|283
36|284
36|285
36|286
36|287
36|288
36|289
36|290
36|291
36|292
36|293
36|294
137438953510|137438953767
137438953510|137438953768
137438953510|137438953769
137438953510|137438953770
137438953510|137438953771
137438953510|137438953772
68719476775|68719477037
68719476775|68719477038
206158430248|206158430511
206158430248|206158430512
206158430248|206158430513
274877906985|274877907250
274877906985|274877907251
274877906985|274877907252
274877906985|274877907253
274877906985|274877907254
274877906985|274877907255
274877906985|274877907256
274877906985|274877907257
274877906985|274877907258
274877906985|274877907259
274877906985|274877907260
274877906985|274877907261
274877906986|274877907262
274877906986|274877907263
274877906986|274877907264
274877906986|274877907265
274877906986|274877907266
274877906986|274877907267
68719476785|137438953796
137438953527|274877907278
274877907002|274877907314
274877907002|274877907315
274877907003|274877907316
274877907003|274877907317
274877907003|274877907318
274877907003|274877907319
274877907003|274877907320
274877907003|274877907321
274877907003|274877907322
274877907003|274877907323
274877907003|274877907324
274877907003|274877907325
274877907003|274877907326
274877907003|274877907327
274877907003|274877907328
274877907003|274877907329
206158430268|206158430594
206158430268|206158430595
206158430268|206158430596
206158430268|206158430597
206158430268|206158430598
206158430268|206158430599
206158430268|206158430600
206158430268|206158430601
206158430268|206158430602
206158430268|206158430603
206158430268|206158430604
206158430268|206158430605
206158430268|206158430606
206158430268|206158430607
206158430268|206158430608
206158430268|206158430609
206158430268|206158430610
206158430268|206158430611
206158430268|206158430612
206158430269|206158430613
206158430269|206158430614
206158430269|206158430615
206158430269|206158430616
206158430269|206158430617
206158430269|206158430618
206158430269|206158430619
206158430269|206158430620
206158430269|206158430621
206158430269|206158430622
206158430273|206158430623
206158430273|206158430624
206158430273|206158430625
206158430273|206158430626
137438953538|137438953891
137438953538|137438953892
137438953538|137438953893
137438953538|137438953894
137438953538|137438953895
137438953538|137438953896
137438953538|137438953897
137438953538|137438953898
137438953538|137438953899
137438953538|137438953900
137438953538|137438953901
137438953538|137438953902
137438953538|137438953903
137438953538|137438953904
137438953538|137438953905
137438953538|137438953906
137438953538|137438953907
206158430275|206158430644
206158430275|206158430645
206158430275|206158430646
206158430275|206158430647
206158430275|206158430648
206158430275|206158430649
206158430275|206158430650
206158430275|206158430651
206158430275|206158430652
206158430275|206158430653
206158430275|206158430654
206158430275|206158430655
206158430275|206158430656
206158430275|206158430657
206158430275|206158430658
206158430275|206158430659
206158430275|206158430660
206158430275|206158430661
206158430275|206158430662
206158430275|206158430663
274877907012|274877907400
274877907012|274877907401
274877907012|274877907402
274877907012|274877907403
274877907012|274877907404
274877907012|274877907405
274877907012|274877907406
206158430277|206158430671
206158430277|206158430672
206158430277|206158430673
206158430277|206158430674
206158430277|206158430675
206158430277|206158430676
206158430277|206158430677
206158430277|206158430678
206158430277|206158430679
206158430277|206158430680
274877907014|274877907417
274877907014|274877907418
274877907014|274877907419
274877907014|274877907420
274877907014|274877907421
274877907014|274877907422
274877907015|274877907423
343597383754|343597384184
343597383754|343597384185
343597383754|343597384186
343597383754|343597384187
343597383754|343597384188
343597383754|343597384189
343597383754|343597384190
343597383754|343597384191
343597383754|343597384192
343597383754|343597384193
343597383754|343597384194
343597383754|343597384195
343597383754|343597384196
343597383754|343597384197
343597383754|343597384198
343597383754|343597384199
343597383754|343597384200
343597383755|343597384201
343597383755|343597384202
343597383755|343597384203
343597383755|343597384204
343597383755|343597384205
343597383755|343597384206
343597383755|343597384207
343597383755|343597384208
343597383755|343597384209
343597383755|343597384210
343597383755|343597384211
343597383755|343597384212
343597383755|343597384213
343597383755|343597384214
343597383755|343597384215
343597383755|343597384216
343597383755|343597384217
343597383755|343597384218
343597383755|343597384219
343597383763|343597384240
343597383763|343597384241
343597383763|343597384242
343597383763|343597384243
343597383763|343597384244
343597383763|343597384245
343597383763|343597384246
343597383763|343597384247
343597383763|343597384248
343597383763|343597384249
343597383763|343597384250
343597383763|343597384251
343597383763|343597384252
343597383763|343597384253
343597383763|343597384254
343597383763|343597384255
274877907029|274877907523
274877907029|274877907524
274877907029|274877907525
274877907029|274877907526
274877907029|274877907527
274877907029|274877907528
274877907029|274877907529
274877907029|274877907530
274877907029|274877907531
274877907029|274877907532
274877907029|274877907533
274877907029|274877907534
274877907029|274877907535
274877907030|274877907536
274877907030|274877907537
274877907030|274877907538
274877907030|274877907539
274877907030|274877907540
274877907030|274877907541
274877907030|274877907542
274877907030|274877907543
274877907030|274877907544
274877907030|274877907545
274877907030|274877907546
274877907030|274877907547
274877907030|274877907548
274877907030|274877907549
274877907030|274877907550
274877907031|274877907551
274877907031|274877907552
274877907031|274877907553
274877907031|274877907554
274877907031|274877907555
274877907031|274877907556
274877907031|274877907557
274877907031|274877907558
274877907031|274877907559
274877907031|274877907560
274877907031|274877907561
274877907031|274877907562
274877907031|274877907563
274877907031|274877907564
274877907031|274877907565
206158430297|206158430830
206158430297|206158430831
206158430297|206158430832
206158430297|206158430833
206158430297|206158430834
206158430297|206158430835
206158430297|206158430836
206158430297|206158430837
206158430297|206158430838
206158430297|206158430839
206158430297|206158430840
206158430297|206158430841
206158430297|206158430842
206158430297|206158430843
206158430297|206158430844
206158430297|206158430845
206158430297|206158430846
206158430297|206158430847
137438953562|137438954112
137438953562|137438954113
137438953562|137438954114
137438953562|137438954115
137438953562|137438954116
137438953562|137438954117
137438953562|137438954118
137438953562|137438954119
137438953562|137438954120
137438953562|137438954121
137438953562|137438954122
137438953562|137438954123
137438953562|137438954124
206158430299|206158430861
206158430299|206158430862
206158430299|206158430863
206158430299|206158430864
206158430299|206158430865
206158430299|206158430866
206158430299|206158430867
206158430299|206158430868
206158430299|206158430869
206158430299|206158430870
206158430299|206158430871
206158430299|206158430872
206158430299|206158430873
206158430299|206158430874
206158430299|206158430875
206158430299|206158430876
206158430299|206158430877
206158430299|206158430878
206158430299|206158430879
206158430299|206158430880
274877907037|274877907617
274877907037|274877907618
274877907037|274877907619
274877907037|274877907620
274877907037|274877907621
274877907037|274877907622
274877907037|274877907623
274877907037|274877907624
274877907037|274877907625
274877907037|274877907626
274877907037|274877907627
206158430302|206158430892
206158430302|206158430893
206158430302|206158430894
206158430302|206158430895
206158430302|206158430896
206158430302|206158430897
206158430302|206158430898
206158430302|206158430899
206158430302|206158430900
206158430302|206158430901
206158430302|206158430902
206158430302|206158430903
206158430302|206158430904
206158430302|206158430905
206158430302|206158430906
206158430302|206158430907
206158430302|206158430908
206158430303|206158430909
206158430303|206158430910
206158430303|206158430911
206158430303|206158430912
206158430303|206158430913
206158430303|206158430914
206158430303|206158430915
206158430303|206158430916
206158430303|206158430917
206158430303|206158430918
206158430303|206158430919
206158430303|206158430920
206158430303|206158430921
206158430303|206158430922
206158430303|206158430923
206158430303|206158430924
343597383777|343597384397
343597383777|343597384398
343597383777|343597384399
343597383777|343597384400
343597383777|343597384401
343597383777|343597384402
343597383777|343597384403
274877907042|274877907668
274877907042|274877907669
274877907042|274877907670
274877907042|274877907671
274877907042|274877907672
274877907042|274877907673
274877907042|274877907674
274877907042|274877907675
274877907042|274877907676
274877907042|274877907677
274877907042|274877907678
274877907042|274877907679
274877907042|274877907680
274877907043|274877907681
274877907043|274877907682
274877907043|274877907683
274877907043|274877907684
274877907043|274877907685
274877907043|274877907686
206158430308|206158430951
206158430308|206158430952
206158430308|206158430953
206158430308|206158430954
206158430308|206158430955
206158430308|206158430956
206158430308|206158430957
206158430308|206158430958
206158430308|206158430959
206158430308|206158430960
206158430308|206158430961
274877907045|274877907698
274877907045|274877907699
274877907045|274877907700
274877907045|274877907701
274877907045|274877907702
274877907045|274877907703
274877907045|274877907704
274877907045|274877907705
274877907045|274877907706
274877907045|274877907707
274877907045|274877907708
274877907045|274877907709
274877907045|274877907710
274877907045|274877907711
274877907045|274877907712
274877907045|274877907713
274877907045|274877907714
206158430310|206158430979
206158430310|206158430980
206158430310|206158430981
206158430310|206158430982
206158430310|206158430983
206158430310|206158430984
343597383784|343597384457
343597383784|343597384458
343597383784|343597384459
343597383784|343597384460
343597383784|343597384461
343597383784|343597384462
343597383784|343597384463
343597383784|343597384464
274877907050|274877907741
274877907050|274877907742
274877907050|274877907743
274877907050|274877907744
274877907050|274877907745
274877907050|274877907746
274877907050|274877907747
274877907050|274877907748
274877907050|274877907749
274877907050|274877907750
274877907050|274877907751
274877907050|274877907752
206158430323|343597384498
206158430323|274877907778
206158430324|206158431057
206158430324|206158431058
206158430324|206158431059
206158430324|206158431060
206158430324|206158431061
206158430324|206158431062
206158430324|206158431063
206158430324|206158431064
206158430324|206158431065
206158430324|206158431066
206158430324|206158431067
206158430324|206158431068
206158430324|206158431069
206158430324|206158431070
206158430324|206158431071
206158430324|206158431072
343597383798|343597384561
343597383798|343597384562
343597383798|343597384563
343597383798|343597384564
343597383798|343597384565
343597383798|343597384566
343597383799|343597384567
343597383799|343597384568
343597383799|343597384569
343597383799|343597384570
343597383799|343597384571
343597383799|343597384572
343597383799|343597384573
343597383799|343597384574
343597383799|343597384575
343597383799|343597384576
343597383799|343597384577
343597383799|343597384578
343597383799|343597384579
343597383799|343597384580
343597383799|343597384581
343597383799|343597384582
343597383799|343597384583
343597383799|343597384584
343597383799|343597384585
343597383799|343597384586
206158430330|206158431116
206158430330|206158431117
206158430330|206158431118
206158430330|206158431119
206158430333|206158431129
206158430333|206158431130
206158430333|206158431131
206158430333|206158431132
206158430333|206158431133
206158430333|206158431134
206158430333|206158431135
206158430333|206158431136
206158430333|206158431137
206158430333|206158431138
206158430333|206158431139
206158430333|206158431140
206158430333|206158431141
206158430333|206158431142
206158430333|206158431143
206158430334|206158431144
206158430334|206158431145
206158430334|206158431146
206158430334|206158431147
206158430334|206158431148
206158430334|206158431149
206158430334|206158431150
206158430334|206158431151
206158430334|206158431152
206158430334|206158431153
206158430334|206158431154
206158430334|206158431155
206158430334|206158431156
206158430334|206158431157
206158430334|206158431158
206158430334|206158431159
206158430334|206158431160
206158430334|206158431161
206158430334|206158431162
206158430334|206158431163
68719476863|68719477692
68719476863|68719477693
68719476863|68719477694
68719476863|68719477695
68719476863|68719477696
68719476863|68719477697
68719476863|68719477698
68719476863|68719477699
68719476863|68719477700
68719476863|68719477701
68719476863|68719477702
68719476863|68719477703
68719476863|68719477704
68719476863|68719477705
68719476863|68719477706
68719476863|68719477707
68719476863|68719477708
68719476863|68719477709
68719476864|68719477710
68719476864|68719477711
68719476864|68719477712
68719476864|68719477713
68719476864|68719477714
68719476864|68719477715
68719476864|68719477716
68719476864|68719477717
68719476864|68719477718
68719476864|68719477719
206158430337|206158431192
206158430337|206158431193
206158430337|206158431194
206158430337|206158431195
206158430337|206158431196
206158430337|206158431197
206158430337|206158431198
68719476866|68719477727
68719476866|68719477728
68719476866|68719477729
68719476866|68719477730
68719476866|68719477731
68719476866|68719477732
68719476866|68719477733
68719476866|68719477734
68719476866|68719477735
68719476866|68719477736
68719476867|68719477737
68719476867|68719477738
68719476867|68719477739
68719476867|68719477740
68719476867|68719477741
68719476867|68719477742
68719476867|68719477743
274877907079|274877907964
274877907079|274877907977
274877907079|343597384733
274877907080|343597384755
274877907080|343597384787
206158430345|206158431319
206158430345|206158431320
206158430345|206158431321
206158430345|206158431322
206158430345|206158431323
206158430345|206158431324
206158430345|206158431325
206158430345|206158431326
206158430345|206158431327
206158430345|206158431328
206158430345|206158431329
206158430345|206158431330
206158430345|206158431331
206158430345|206158431332
206158430345|206158431333
206158430345|206158431334
206158430345|206158431335
206158430345|206158431336
206158430345|206158431337
274877907082|274877908074
274877907082|274877908075
274877907082|274877908076
274877907082|274877908077
274877907082|274877908078
274877907082|274877908079
274877907082|274877908080
274877907082|274877908081
274877907082|274877908082
274877907082|274877908083
274877907082|274877908084
274877907082|274877908085
274877907082|274877908086
343597383819|343597384823
343597383819|343597384824
343597383819|343597384825
343597383819|343597384826
343597383819|343597384827
343597383819|343597384828
343597383819|343597384829
343597383819|343597384830
343597383820|343597384831
343597383820|343597384832
343597383820|343597384833
206158430350|206158431362
206158430350|206158431363
206158430350|206158431364
206158430350|206158431365
206158430350|206158431366
206158430350|206158431367
206158430350|206158431368
206158430350|206158431369
206158430350|206158431370
206158430350|206158431371
206158430350|206158431372
206158430350|206158431373
206158430350|206158431374
206158430350|206158431375
206158430350|206158431376
206158430350|206158431377
206158430350|206158431378
206158430352|206158431379
206158430352|206158431380
206158430352|206158431381
206158430352|206158431382
206158430352|206158431383
206158430352|206158431384
206158430352|206158431385
206158430352|206158431386
206158430352|206158431387
206158430352|206158431388
206158430352|206158431389
206158430352|206158431390
206158430352|206158431391
206158430352|206158431392
206158430352|206158431393
206158430352|206158431394
206158430352|206158431395
206158430352|206158431396
206158430352|206158431397
206158430352|206158431398
206158430354|206158431401
206158430354|206158431402
206158430354|206158431403
206158430354|206158431404
206158430354|206158431405
206158430354|206158431406
206158430354|206158431407
206158430354|206158431408
206158430354|206158431409
343597383828|343597384895
343597383828|343597384896
343597383828|343597384897
343597383828|343597384898
343597383828|343597384899
343597383828|343597384900
343597383828|343597384901
343597383828|343597384902
343597383828|343597384903
343597383828|343597384904
343597383828|343597384905
343597383828|343597384906
343597383828|343597384907
343597383828|343597384908
343597383828|343597384909
343597383828|343597384910
343597383828|343597384911
343597383828|343597384912
343597383828|343597384913
343597383828|343597384914
274877907093|274877908179
274877907093|274877908180
137438953622|137438954709
137438953622|137438954710
137438953622|137438954711
274877907098|274877908204
274877907098|274877908205
274877907098|274877908206
274877907098|274877908207
274877907098|274877908208
274877907098|274877908209
274877907098|274877908210
274877907098|274877908211
274877907098|274877908212
274877907098|274877908213
274877907098|274877908214
274877907098|274877908215
274877907098|274877908216
274877907098|274877908217
274877907098|274877908218
274877907098|274877908219
274877907098|274877908220
274877907098|274877908221
274877907098|274877908222
274877907098|274877908223
343597383835|343597384960
343597383835|343597384961
343597383835|343597384962
343597383835|343597384963
343597383835|343597384964
343597383835|343597384965
343597383835|343597384966
343597383835|343597384967
