id|firstName|lastName|gender|birthday|creationDate|locationIP|browserUsed
8796093022220|Jose|Alonso|female|1987-09-18|2010-09-16T06:54:00.602+0000|196.1.135.241|Internet Explorer
2199023255591|Alexei|Feltsman|female|1985-12-05|2010-03-05T15:51:09.862+0000|31.192.132.124|Firefox
4398046511124|Yahya Ould Ahmed El|Abdallahi|male|1989-02-28|2010-05-04T19:54:25.021+0000|41.188.97.221|Internet Explorer
4398046511105|Evangelos|Alkaios|male|1987-02-05|2010-06-09T05:53:20.823+0000|91.223.132.248|Internet Explorer
8796093022239|Otto|Richter|male|1982-11-12|2010-08-25T01:18:51.149+0000|31.24.100.159|Firefox
8796093022222|Hossein|Forouhar|male|1984-04-11|2010-08-29T18:58:20.222+0000|77.245.239.11|Firefox
10995116277794|Roberto|Diaz|female|1980-08-08|2010-11-12T20:25:09.287+0000|186.64.7.5|Firefox
48|Adje van den Berg|Vries|female|1986-08-07|2010-02-24T14:28:38.717+0000|31.24.165.15|Firefox
6597069766681|Luigi|Colombo|male|1986-11-21|2010-07-07T22:09:55.155+0000|31.171.137.117|Internet Explorer
6|Baby|Yang|male|1985-09-20|2010-02-04T06:41:08.221+0000|27.131.221.93|Internet Explorer
2199023255589|Wei|Wei|female|1985-03-14|2010-03-22T14:22:11.928+0000|27.112.88.106|Internet Explorer
8796093022235|Wojciech|Ciesla|male|1986-01-07|2010-09-01T07:52:44.765+0000|31.182.127.125|Internet Explorer
2199023255555|Aleksandr|Efimkin|male|1981-09-08|2010-03-18T23:41:44.770+0000|31.185.10.92|Internet Explorer
4398046511109|Eric|Mettacara|male|1989-09-05|2010-04-28T12:41:31.109+0000|203.215.63.48|Firefox
8796093022232|Jie|Yang|male|1980-12-29|2010-10-19T23:06:08.006+0000|27.98.220.136|Firefox
2199023255574|Ken|Yamada|male|1986-11-12|2010-03-16T04:51:14.078+0000|27.122.45.252|Internet Explorer
4398046511113|Alim|Guliyev|female|1984-11-07|2010-06-24T18:04:51.119+0000|91.191.192.127|Firefox
6597069766672|Jan|Zakrzewski|female|1986-08-05|2010-07-13T05:21:53.260+0000|31.41.169.140|Chrome
10995116277793|Ali|Ferrer|female|1981-06-30|2010-11-09T04:00:51.834+0000|41.223.177.12|Safari
6597069766692|John|Reddy|male|1986-09-28|2010-07-18T21:42:10.705+0000|61.16.136.118|Chrome
4398046511146|Ali|Achiou|female|1981-04-11|2010-06-05T21:27:55.869+0000|196.29.42.107|Firefox
6597069766701|Ali|Abouba|male|1987-06-29|2010-07-01T11:48:07.191+0000|41.203.147.168|Internet Explorer
10995116277806|Alejandro|Garcia|male|1987-01-16|2010-10-26T11:55:36.246+0000|189.202.102.202|Firefox
4398046511133|Lei|Zhang|male|1986-08-23|2010-05-31T16:57:17.025+0000|1.2.2.77|Firefox
8796093022248|Celso|Oliveira|male|1988-09-23|2010-09-04T04:29:02.147+0000|192.190.31.253|Chrome
4398046511112|Djelaludin|Zaland|male|1983-06-23|2010-05-20T02:28:58.974+0000|180.222.139.188|Internet Explorer
10995116277795|Ayesha|Ahmed|male|1988-12-13|2010-11-13T11:41:37.510+0000|202.4.167.190|Chrome
2199023255565|Mehmet|Koksal|female|1988-01-04|2010-03-01T03:32:49.202+0000|46.154.44.101|Firefox
6597069766674|Neil|Murray|female|1982-09-15|2010-07-20T23:28:47.148+0000|41.74.150.41|Firefox
4398046511123|Jimmy|Burak|female|1984-09-01|2010-05-08T17:18:17.047+0000|197.220.203.36|Firefox
4398046511147|Rahul|Khan|female|1987-12-25|2010-06-20T15:32:28.150+0000|27.116.34.47|Chrome
6597069766667|Cheng|Wei|male|1981-05-08|2010-08-06T19:37:34.594+0000|27.121.123.176|Chrome
4398046511136|Miguel|Gonzalez|male|1981-10-18|2010-05-18T08:50:58.297+0000|148.204.226.31|Chrome
6597069766656|John|Khan|male|1985-03-27|2010-07-10T11:03:23.250+0000|27.4.90.237|Internet Explorer
8796093022215|Jun|Li|female|1987-10-07|2010-08-31T05:20:20.663+0000|1.29.220.142|Chrome
41|John|Kumar|male|1986-09-22|2010-02-15T23:24:17.359+0000|27.116.33.147|Safari
4398046511151|Tissa|Perera|male|1983-06-09|2010-06-09T17:44:53.772+0000|103.1.176.97|Safari
6597069766660|Bryn|Davies|male|1985-07-03|2010-08-03T03:46:12.785+0000|31.170.121.115|Internet Explorer
10|Wolfgang|Bauer|male|1989-11-20|2010-02-05T18:02:37.516+0000|46.21.0.249|Internet Explorer
10995116277809|Ashok|Singh|male|1981-05-01|2010-11-11T22:40:36.211+0000|49.206.89.61|Safari
4398046511127|John|Johnson|male|1989-06-08|2010-06-18T22:54:46.575+0000|24.38.139.231|Firefox
4398046511106|Abdul Haris|Tobing|female|1989-12-12|2010-06-02T12:52:10.098+0000|58.145.168.54|Chrome
8796093022252|Alexei|Kahnovich|female|1985-07-12|2010-08-24T23:45:09.786+0000|31.192.109.124|Internet Explorer
8796093022238|Joakim|Larsson|female|1980-04-23|2010-09-19T22:36:38.635+0000|31.209.42.207|Internet Explorer
2199023255580|Hans|Johansson|female|1982-05-28|2010-04-25T17:35:28.712+0000|31.209.179.5|Firefox
8796093022246|Alfonso|Rodriguez|female|1984-05-11|2010-09-15T02:04:40.164+0000|192.100.158.95|Internet Explorer
